ID,VAR00,VAR00,VAR01,VAR02,VAR02_1,VAR03,VAR04,VAR05,VAR06,VAR07,VAR08,VAR09_1,VAR09_2,VAR09_3,VAR09_4,VAR09_5,VAR09_6,VAR09_7,VAR09_8,VAR09_9,VAR24,VAR25,VAR26,VAR27,VAR28,VAR29,VAR30,VAR31,VAR32,VAR33,VAR34,VAR35
2,GAM-M-BER-06/07,DE_1,9,4,Gambia,0,19,0,5,2,8,2,2,2,2,2,2,2,2,1,2,999,1,1,999,1,1,999,1,1,1,999
4,IRA-M-GOE 1110,DE_2,9,4,Iran,1,33,0,2,3,3,2,2,2,2,2,2,2,2,1,999,999,1,0,1,0,0,999,1,1,0,0
7,SYR- M- MUN- 03.12,DE_3,9,1,,0,25,0,5,2,2,2,2,2,2,2,2,2,2,1,4,999,1,0,999,99,99,999,999,1,0,1
8,01 - ITA23052018MICRO,ITA_1,5,4,Gambia,0,999,999,999,3,999,2,2,2,2,2,2,2,2,1,1,999,1,999,999,99,99,999,1,1,999,999
9,02 - ITA04032019MICRO,ITA_2,5,4,Gambia,0,22,999,5,999,7,2,2,2,2,2,2,2,2,1,1,999,1,1,999,1,2,999,999,1,999,999
10,03 - ITA04032019MICRO,ITA_3,5,4,Gambia,0,24,999,5,3,7,2,2,2,2,2,2,2,2,1,1,999,1,1,999,1,1,999,999,1,0,999
11,04 - ITA04032019MICRO,ITA_4,5,4,Gambia,0,18,999,5,3,8,2,2,2,2,2,2,2,2,1,1,999,1,999,999,99,99,999,999,0,999,999
12,05 - ITA04032019MICRO,ITA_5,5,4,Cameroon,0,31,999,5,999,999,2,2,2,2,2,2,2,2,1,1,999,1,1,999,1,2,999,999,1,1,999
15,08 - ITA04032019MICRO,ITA_8,5,4,Nigeria,0,20,999,5,3,999,2,2,2,2,2,2,2,2,1,1,999,1,999,999,99,99,999,999,999,999,999
17,10 - ITA04032019MICRO,ITA_10,5,4,Nigeria,0,31,999,5,999,7,2,2,2,2,2,2,2,2,1,1,999,1,999,999,99,99,999,999,999,999,999
24,17 - ITA04032019MICRO,ITA_17,5,4,Libya,0,22,999,5,999,1,2,2,2,2,2,2,2,2,1,1,999,1,999,999,99,99,999,999,0,0,999
25,18 - ITA04032019MICRO,ITA_18,5,4,Pakistan,0,24,999,5,3,8,2,2,2,2,2,2,2,2,1,1,999,1,1,999,1,2,999,999,0,1,999
27,20 - ITA05032019MICRO,ITA_20,5,4,Nigeria,1,27,1,5,999,3,2,2,2,2,2,2,2,2,1,1,999,1,1,999,1,2,999,999,999,999,999
28,21 - ITA05032019MICRO,ITA_21,5,4,Nigeria,1,24,999,5,999,1,2,2,2,2,2,2,2,2,1,1,999,1,1,999,1,2,999,999,999,999,999
29,22 - ITA05032019MICRO,ITA_22,5,4,Nigeria,1,25,1,3,3,8,2,2,2,2,2,2,2,2,1,2,999,1,0,7,99,99,999,999,0,999,999
31,24 - ITA06032019MICRO,ITA_24,5,4,Senegal,0,36,1,1,999,2,2,2,2,2,2,2,2,2,1,6,999,0,999,999,99,99,999,999,999,999,999
32,25 - ITA06042019MICRO,ITA_25,5,1,,0,26,999,1,999,1,2,2,2,2,2,2,2,2,1,3,999,1,0,999,99,99,999,999,999,999,1
33,26 - ITA06042019MICRO,ITA_26,5,4,Mali,0,29,999,5,999,1,2,2,2,2,2,2,2,2,1,6,999,1,0,999,99,99,999,999,1,999,999
34,27 - ITA06042019MICRO,ITA_27,5,4,Nigeria,0,32,1,5,3,2,2,2,2,2,2,2,2,2,1,6,999,1,0,999,99,99,999,999,999,999,1
38,SYR- M- MUN- 15.12,DE_4,9,1,,0,22,0,5,2,8,2,2,2,2,2,2,2,2,1,4,999,1,0,999,0,99,999,999,999,0,999
39,SYR-F-MUN-03.09,DE_5,9,1,,1,49,2,1,3,8,2,2,2,2,2,1,2,2,2,2,999,1,1,999,1,0,999,999,999,1,1
40,SYR-F-MUN-09.11,DE_6,9,1,,1,34,2,1,3,8,2,2,2,2,2,2,2,2,1,2,999,1,0,999,0,99,999,1,1,1,1
41,PLMISy22,PLM_22,8,1,,0,26,999,5,3,8,2,2,2,2,2,2,2,2,1,2,0,1,0,24,0,99,999,1,999,1,999
43,TUR_67,TR_67,3,1,,1,30,3,1,1,8,2,2,2,2,2,2,2,2,1,4,0,0,0,999,0,0,999,999,999,1,999
46,TUR_70,TR_70,3,1,,0,19,999,5,3,999,2,2,2,2,2,2,2,2,1,5,0,999,999,999,99,99,999,999,999,1,999
50,PLMICh04,PLM_04,8,4,Russia (Chechnya),1,46,2,2,999,7,2,2,2,1,2,2,2,2,2,3,999,999,999,10,99,0,999,999,999,1,1
52,TUR_75,TR_75,3,1,,1,19,0,2,2,8,2,2,2,2,2,2,2,2,1,4,0,0,999,999,99,99,999,999,0,1,999
53,TUR_11,TR_11,3,1,,1,27,2,2,1,8,2,2,2,1,2,2,2,2,2,4,0,0,999,999,99,99,999,999,999,1,999
55,TUR_78,TR_78,3,1,,1,23,1,1,3,8,2,2,2,2,2,2,2,2,1,4,0,0,999,999,99,99,999,999,999,0,0
56,TUR_79,TR_79,3,1,,0,42,0,1,1,1,2,2,2,2,2,2,2,2,1,4,0,0,999,999,99,99,999,999,999,1,999
62,TUR_85,TR_85,3,1,,1,30,3,1,3,5,2,2,2,2,2,2,2,2,1,4,1,999,999,999,99,99,999,999,0,0,0
63,TUR_86,TR_86,3,1,,0,51,2,1,2,2,2,2,2,2,2,1,2,2,2,4,1,999,999,999,99,99,999,999,999,0,0
65,TUR_87,TR_87,3,1,,1,20,999,5,3,8,2,2,2,2,2,2,2,2,1,4,1,0,999,999,99,99,999,999,999,1,1
71,TUR_93,TR_93,3,1,,1,23,999,5,3,8,2,2,2,2,2,2,2,2,1,4,0,0,999,999,99,99,999,999,999,1,1
72,TUR_94,TR_94,3,1,,1,45,3,1,3,5,2,2,2,2,2,2,2,2,1,4,0,0,999,999,99,99,999,999,999,1,1
73,TUR_95,TR_95,3,1,,0,47,6,1,0,1,2,2,2,2,2,2,2,2,1,4,0,0,999,999,0,99,999,999,999,0,999
76,TUR_98,TR_98,3,1,,0,36,3,1,3,5,2,2,2,2,2,2,2,2,1,5,0,0,999,999,99,99,999,999,999,999,999
78,TUR_100,TR_100,3,1,,1,25,999,3,3,8,2,2,2,2,2,2,2,2,1,4,0,0,999,999,99,99,999,999,999,1,1
80,TUR_102,TR_102,3,1,,1,33,3,1,3,5,2,2,2,2,2,2,2,2,1,4,999,999,999,999,99,99,999,999,999,1,999
81,TUR_103,TR_103,3,1,,1,36,5,1,3,5,2,2,2,2,2,2,2,2,1,4,0,0,999,999,0,99,999,999,999,999,999
85,SYR-F-MUN-23.08,DE_7,9,1,,1,38,4,1,2,2,2,2,2,2,2,2,2,2,1,2,999,1,0,1,99,99,999,999,999,1,1
88,SYR- M- MUN- 28.11,DE_8,9,1,,0,20,0,5,2,2,2,2,2,2,2,2,2,2,1,2,999,1,1,18,1,0,999,999,1,0,1
90,PLMICh03,PLM_03,8,4,Russia (Chechnya),1,35,1,5,2,7,2,2,2,1,2,2,2,2,2,1,0,1,0,999,99,99,999,1,1,0,0
91,PLMICh05,PLM_05,8,4,Russia (Chechnya),1,30,2,1,2,1,2,2,2,2,2,2,2,2,1,1,0,1,1,999,1,2,999,999,1,0,1
92,PLMICh06,PLM_06,8,4,Russia (Chechnya),1,43,3,1,1,3,2,2,2,2,2,2,2,2,1,1,0,1,1,999,1,1,999,999,1,1,1
93,AFGH-M-GOE 1110,DE_9,9,2,,0,22,0,5,999,8,2,2,2,2,2,2,2,2,1,1,999,1,1,999,99,99,999,1,1,1,1
94,PLMICh08,PLM_08,8,4,Russia (Chechnya),1,45,1,2,999,1,2,2,2,1,2,2,2,2,2,6,0,1,0,18,0,99,999,999,999,0,999
96,PLMICh12,PLM_12,8,4,Russia (Chechnya),0,26,0,5,3,5,2,2,2,2,2,2,2,2,1,6,0,1,1,999,1,1,999,999,1,0,0
99,TUR_2,TR_2,3,1,,0,23,999,5,2,1,2,2,2,2,2,2,2,2,1,4,1,0,0,999,0,99,999,0,0,1,1
100,PLMICh13,PLM_13,8,4,Russia (Chechnya),0,43,5,1,3,5,2,2,2,2,2,2,1,2,2,1,999,1,1,999,0,2,999,999,999,1,1
104,TUR_6,TR_6,3,1,,0,60,4,1,999,7,2,1,2,2,2,1,2,2,2,4,0,0,999,999,0,99,999,0,0,1,1
109,TUR_11,TR_124,3,1,,0,35,3,1,999,7,2,2,2,2,2,2,2,2,1,4,1,0,999,999,0,99,999,0,1,1,1
111,TUR_13,TR_13,3,1,,0,37,4,1,999,7,2,2,2,2,2,2,2,2,1,4,0,0,999,999,0,99,999,0,0,1,1
115,TUR_17,TR_17,3,1,,0,25,1,1,999,2,2,2,2,2,2,2,2,2,1,4,0,0,999,999,0,99,999,0,0,1,999
118,TUR_20,TR_20,3,1,,0,25,2,1,999,2,2,2,2,2,2,2,2,2,1,4,0,0,999,999,0,99,999,0,0,1,1
120,PLMIUk17,PLM_17,8,4,Ukraine,0,26,0,5,999,2,2,2,2,2,2,2,2,2,1,1,0,1,1,999,1,1,999,999,1,0,1
124,PLMISy24,PLM_24,8,1,,0,65,4,1,3,5,2,2,2,2,2,2,2,2,1,1,0,1,999,999,0,0,999,0,0,1,1
125,PLMIIR26,PLM_26,8,3,,0,32,0,5,1,1,1,2,2,2,2,2,2,2,2,1,999,1,999,999,0,2,999,1,1,1,1
128,PLMISy25,PLM_25,8,1,,1,22,0,5,3,5,2,2,2,2,2,2,2,2,1,3,0,1,0,6,99,99,999,999,999,1,999
131,PLMiIr28,PLM_28,8,3,,1,57,2,1,3,4,2,1,2,2,2,2,2,2,2,2,0,1,999,6,99,99,999,1,999,999,999
135,PLMICh09,PLM_09,8,4,Russia (Chechnya),0,52,0,5,1,1,2,2,2,2,2,2,1,2,2,3,0,1,0,21,0,0,999,999,999,0,999
140,CAM-M-GRO-23/07,DE_10,9,4,Cameroon,0,39,2,5,2,2,2,2,2,2,2,2,1,2,2,1,999,1,1,999,1,2,999,999,999,999,1
141,LEB_Micro_Female_05.12.2018_Tripoli_Homs2,LEB_1,2,1,,1,999,3,1,2,1,2,2,2,2,2,2,2,2,1,6,1,999,999,999,99,99,999,999,999,999,0
145,LEB_Micro_Female_05.12.2018_Tripoli_Damascus(rural),LEB_2,2,1,,1,22,2,1,2,8,2,2,1,2,2,2,2,2,2,6,1,999,999,999,99,99,999,999,999,0,1
148,LEB_Micro_Female_05.12.2018_Tripoli_Hama,LEB_3,2,1,,1,25,1,4,999,8,2,2,2,1,2,2,2,2,2,6,1,999,999,999,99,99,999,999,999,0,1
154,LEB_Micro_Female_10.11.2018_MajdalAnjar_Teacher,LEB_4,2,1,,1,45,3,1,3,5,2,2,2,2,2,2,2,2,1,6,1,999,999,999,99,99,999,999,999,0,1
156,LEB_Micro_Female_14.12.2018_Bourj_Palestinian2,LEB_5,2,4,Syrian-Palestinian,1,37,3,1,999,2,2,2,2,2,2,2,2,2,1,6,1,999,999,999,99,99,999,999,999,0,0
159,LEB_Micro_Female_16.11.2018_Beirut_Aleppo2,LEB_6,2,1,,1,32,5,1,999,1,2,2,2,2,2,2,2,2,1,6,1,999,999,999,99,99,999,999,999,0,0
160,LEB_Micro_Female_16.11.2018_Beirut_Idlib,LEB_7,2,1,,1,999,2,1,2,1,2,2,2,2,2,2,2,2,1,6,1,999,999,999,99,99,999,999,999,0,0
161,LEB_Micro_Female_16.11.2018_Ouzai_Backproblems,LEB_8,2,1,,1,38,5,999,999,1,2,2,2,1,2,2,2,2,2,6,1,999,999,999,99,99,999,999,999,0,0
163,LEB_Micro_Female_23.10.2018_Zahle_LoveZahle,LEB_9,2,1,,1,25,3,1,999,1,2,2,2,2,2,2,2,2,1,6,1,999,999,999,99,99,999,999,999,0,1
167,LEB_Micro_Micro_23.11.2018_Beirut_School,LEB_10,2,1,,1,32,4,1,2,8,2,2,2,2,2,2,2,2,1,6,1,999,999,999,99,99,999,999,999,0,0
168,LEB_Micro_Female_25.10.2018_Saida_Wife,LEB_11,2,1,,1,20,1,1,999,8,2,2,2,2,2,2,2,2,1,6,1,999,999,999,99,99,999,999,999,0,1
169,LEB_Micro_Female_29.11.2018_Tyre_Loan,LEB_12,2,1,,1,33,3,1,999,8,2,2,2,2,2,2,2,2,1,6,1,999,1,999,99,99,999,999,999,0,1
171,LEB_Micro_Female_29.11.2018_Tyre_Queen,LEB_13,2,1,,1,30,1,999,999,8,2,2,2,2,2,2,2,2,1,999,1,999,999,999,99,99,999,999,999,0,1
172,LEB_Micro_Male_03.10.2018_Akkar_Solitary,LEB_14,2,1,,0,25,0,5,3,4,2,2,2,2,2,2,2,2,1,6,0,999,999,999,99,99,999,999,999,0,0
173,LEB_Micro_Male_03.11.2018_Akkar_Hunters,LEB_15,2,1,,0,50,5,1,2,1,2,2,2,2,2,2,2,2,1,6,1,999,999,999,99,99,999,999,999,0,0
174,LEB_Micro_Male_03.11.2018_Akkar_Soccer,LEB_16,2,1,,0,34,5,1,2,2,2,2,2,2,2,2,2,2,1,6,1,999,999,999,99,99,999,999,999,0,0
176,LEB_Micro_Male_03.12.2018_Beirut_Freedom,LEB_17,2,1,,0,37,3,1,2,1,2,2,2,2,2,2,2,2,1,6,1,999,999,999,99,99,999,999,999,0,1
177,LEB_Micro_Male_03.12.2018_Beirut_Quiet,LEB_18,2,1,,0,33,4,1,2,1,2,2,2,2,2,2,2,2,1,6,1,999,999,999,99,99,999,999,999,0,1
178,LEB_Micro_Male_04.11.2018_Akkar_Hama,LEB_19,2,1,,0,999,2,1,2,1,2,2,2,2,2,2,2,2,1,6,1,999,999,999,99,99,999,999,999,0,1
180,LEB_Micro_Male_04.11.2018_Akkar_Sponsorship,LEB_20,2,1,,0,28,3,1,3,999,2,2,2,2,2,2,2,2,1,6,1,999,999,999,99,99,999,999,999,0,0
182,LEB_Micro_Male_04.12.2018_Beirut_Stabbed,LEB_21,2,1,,0,999,4,999,2,1,2,2,2,2,2,2,2,2,1,6,1,999,999,999,99,99,999,999,999,0,1
186,LEB_Micro_Male_10.11.2018_MajdalAnjar_Husband,LEB_22,2,1,,0,45,3,1,3,5,2,2,2,2,2,2,2,2,1,6,1,999,999,999,99,99,999,999,999,0,1
188,LEB_Micro_Male_10.12.2018_MajdalAnjar_Latakia,LEB_23,2,1,,0,35,0,1,999,1,2,2,2,2,2,2,2,2,1,6,0,999,999,999,99,99,999,999,999,0,0
190,LEB_Micro_Male_11.12.2018_Beirut_Businesspartner,LEB_24,2,1,,0,33,1,1,2,7,2,2,2,2,2,2,2,2,1,6,0,999,999,999,99,99,999,999,999,0,999
193,LEB_Micro_Male_11.12.2018_SinelFil_Roommate,LEB_25,2,1,,0,999,2,1,999,6,2,2,2,2,2,2,2,2,1,6,0,999,999,999,99,99,999,999,999,0,999
196,LEB_Micro_Male_23.11.2018_Beirut_Afrin,LEB_26,2,4,Yazidi-Kurdish-Syrian,0,29,1,1,999,7,2,2,2,2,2,2,2,2,1,6,1,999,999,999,99,99,999,999,999,0,1
197,LEB_Micro_Male_25.10.2018_Saida_Constructionworker,LEB_27,2,1,,0,35,2,1,999,1,2,2,2,2,2,2,2,2,1,6,1,999,999,999,99,99,999,999,999,0,0
198,LEB_Micro_Male_29.11.2018_Tyre_Yazidi,LEB_28,2,4,Yazidi-Kurdish-Syrian,0,55,999,1,999,1,1,2,2,2,2,2,2,2,2,6,1,999,999,999,99,99,999,999,999,0,0
199,LEB_Micro_Female_23.11.2018_Beirut_Education,LEB_29,2,1,,1,60,3,1,999,8,2,2,2,2,2,2,2,2,1,6,1,999,999,999,99,99,999,999,999,0,0
200,LEB_Micro_Male_04.12.2018_Beirut_Siblings,LEB_30,2,1,,0,24,0,1,3,2,2,2,2,2,2,2,2,2,1,6,1,999,999,999,99,99,999,999,999,0,0
202,PLMIUk18,PLM_18,8,4,Ukraine,0,30,999,5,2,5,2,2,2,2,2,2,2,2,1,1,0,1,1,18,1,1,over 54,0,0,0,1
205,SWE_22,SWE_22,11,1,,0,20,999,5,2,8,2,2,2,2,2,2,2,2,1,6,0,999,999,999,99,99,999,999,999,1,999
206,SWE_30,SWE_30,11,1,,1,42,3,1,3,4,2,2,2,2,2,2,2,2,1,2,0,1,0,11,99,99,999,1,1,1,1
208,SWE_47,SWE_47,11,2,,0,19,999,3,0,999,2,2,2,2,2,2,2,2,1,6,999,0,1,999,1,1,999,999,999,0,999
209,SWE_55,SWE_55,11,2,,1,18,999,5,3,999,2,2,2,2,2,2,2,2,1,1,0,999,999,999,99,99,999,999,999,0,1
210,SWE_59,SWE_59,11,2,,0,18,999,5,999,2,2,2,2,2,2,2,2,1,2,6,999,0,1,999,1,1,999,999,1,1,999
213,SWE_61,SWE_61,11,2,,0,42,7,1,3,4,2,2,2,2,2,2,1,2,2,2,0,1,999,13,99,99,999,999,1,1,999
214,SWE_58,SWE_58,11,2,,1,27,2,1,1,7,2,2,2,2,2,1,1,1,2,1,999,999,999,999,99,99,999,999,1,0,999
217,SWE_51,SWE_51,11,2,,0,26,3,1,0,7,2,2,2,2,2,2,2,2,1,1,0,0,1,8,1,1,2,0,1,1,1
218,SWE_54,SWE_54,11,2,,1,30,999,1,0,8,2,2,2,2,2,2,2,1,2,1,0,0,1,999,1,1,999,999,1,0,0
219,SWE_27,SWE_27,11,1,,0,37,2,1,3,5,2,2,2,2,2,2,2,2,1,2,999,1,0,4,0,99,999,999,999,1,0
220,SWE_56,SWE_56,11,2,,1,40,4,1,999,2,2,2,1,2,2,2,2,2,2,1,0,0,1,12,1,1,999,1,1,0,999
222,IRA-W-BER-0512,DE_11,9,4,Iran,1,32,999,5,3,5,2,2,2,2,1,2,2,2,2,4,0,1,1,999,99,1,999,1,1,1,1
225,SWE_10,SWE_10,11,1,,1,48,2,1,3,4,2,2,2,1,2,2,2,2,2,4,0,1,0,15,0,0,999,999,1,0,999
227,SWE_52,SWE_52,11,2,,1,38,4,1,1,8,2,2,2,2,2,2,2,2,1,1,0,0,1,999,1,1,999,1,1,0,999
231,SWE_6,SWE_6,11,1,,0,32,999,5,3,5,2,2,2,2,2,2,2,2,1,2,999,1,0,999,99,99,999,1,999,1,1
234,SWE_7,SWE_7,11,1,,0,39,0,5,1,3,2,2,2,2,2,2,2,2,1,4,1,1,999,999,99,99,999,999,999,0,1
235,SWE_19,SWE_19,11,1,,0,54,2,1,3,5,2,2,2,2,2,2,2,2,1,2,999,1,0,999,99,99,999,1,1,1,1
238,SWE_16,SWE_16,11,1,,0,43,4,1,2,5,2,2,2,2,2,2,2,2,1,4,0,1,0,999,99,99,999,999,1,0,999
243,SWE_31,SWE_31,11,1,,1,22,999,5,3,8,2,2,2,2,2,2,2,2,1,2,999,1,0,7,99,0,999,1,1,1,999
244,SWE_33,SWE_33,11,1,,1,39,3,2,3,8,2,2,2,2,2,1,2,2,2,2,999,1,0,30,99,99,999,1,1,1,0
247,SWE_24,SWE_24,11,1,,1,28,9,2,3,3,2,2,2,2,2,2,2,2,1,2,999,1,0,1,99,99,999,999,1,1,999
249,SWE_28,SWE_28,11,1,,1,66,2,4,3,7,2,2,2,2,2,2,2,2,1,3,999,1,0,6,1,0,999,1,999,1,999
250,SWE_35,SWE_35,11,1,,1,48,3,1,3,999,2,2,2,2,2,1,2,2,2,2,999,1,0,6,99,99,999,1,1,1,1
252,SWE_15,SWE_15,11,1,,0,50,4,1,3,6,2,2,2,2,2,2,2,2,1,2,1,1,0,7,99,99,999,0,0,0,1
254,SWE_37,SWE_37,11,1,,1,42,2,1,3,5,2,2,2,2,2,2,2,2,1,2,999,1,0,999,0,0,999,999,999,1,999
255,SWE_38,SWE_38,11,1,,0,36,999,5,3,5,2,2,2,2,2,2,2,2,1,4,999,1,0,3,0,0,999,999,999,1,1
257,SWE_46,SWE_46,11,3,,1,32,3,2,3,7,2,2,2,1,2,1,2,2,2,2,999,1,0,18,99,99,999,1,1,1,1
258,SWE_45,SWE_45,11,3,,0,64,5,2,999,999,2,2,2,2,2,2,2,2,1,1,999,0,1,3,1,1,7,999,1,0,999
259,SWE_48,SWE_48,11,2,,0,18,999,5,999,8,2,2,2,2,2,2,2,2,1,1,999,0,1,999,1,2,999,999,999,1,1
260,SWE_40,SWE_40,11,1,,0,31,0,1,3,6,2,2,2,2,2,2,2,2,1,3,999,1,0,12,0,99,999,1,0,1,999
262,SWE_43,SWE_43,11,1,,0,30,999,5,3,4,2,2,2,2,2,2,2,2,1,4,0,1,0,1,99,99,999,0,0,1,999
264,SWE_20,SWE_20,11,1,,0,41,2,1,3,5,2,2,2,2,2,2,2,2,1,2,999,1,0,999,99,99,999,1,0,1,999
268,SWE_50,SWE_50,11,2,,0,32,5,1,0,1,2,2,2,2,2,2,1,1,2,1,0,0,1,5,1,2,999,1,1,0,1
270,OzU_2,TR_105,3,1,,1,45,4,1,3,8,2,2,2,2,2,2,2,1,2,4,0,999,999,999,99,99,999,0,0,0,999
272,ALGSYR-W-BER-02/08,DE_12,9,4,Algeria,1,33,3,1,999,999,2,2,2,2,2,2,2,2,1,3,999,999,999,999,99,99,999,999,999,1,1
273,CAM-W-GRO -24/11/18,DE_13,9,4,Cameroon,1,35,3,5,0,7,2,2,2,1,2,2,2,2,2,1,1,1,0,999,0,0,999,999,999,0,999
274,CAM-W-GRO-10/07,DE_14,9,4,Cameroon,1,28,2,999,999,1,2,2,2,1,2,2,2,1,2,999,999,1,1,4,1,99,999,999,999,999,999
279,OzU_3,TR_106,3,1,,0,23,999,5,3,8,2,2,2,2,2,2,2,2,1,6,0,999,999,999,99,99,999,0,0,1,999
280,OzU_4,TR_107,3,1,,1,42,5,1,1,8,2,2,2,2,2,2,2,2,1,4,0,999,999,999,99,99,999,999,999,0,999
281,OzU_5,TR_108,3,1,,1,40,6,1,1,8,1,2,2,2,2,2,2,2,2,4,0,999,999,999,99,99,999,1,1,1,1
285,OzU_9,TR_112,3,1,,1,34,1,1,3,5,2,2,2,2,2,2,2,1,2,4,0,999,999,999,99,99,999,999,999,1,999
287,OzU_11,TR_114,3,1,,1,26,2,1,3,8,2,2,2,2,2,2,2,2,1,4,0,999,999,999,99,99,999,999,999,0,999
290,OzU_14,TR_117,3,1,,0,52,11,1,2,7,2,2,2,2,2,2,2,2,1,6,0,999,999,999,99,99,999,0,999,0,999
291,OzU_15,TR_118,3,1,,0,40,3,1,2,4,2,2,2,2,2,2,2,2,1,4,999,999,999,999,99,99,999,1,999,1,1
292,OzU_16,TR_119,3,1,,0,36,3,1,2,3,2,2,2,2,2,2,2,2,1,6,999,999,999,999,99,99,999,999,999,0,999
293,OzU_17,TR_120,3,1,,0,24,0,1,3,8,2,2,2,2,2,2,2,2,1,4,999,999,999,999,99,99,999,999,999,1,999
295,OzU_19,TR_122,3,1,,0,22,0,3,3,8,2,2,2,2,2,2,2,2,1,6,999,999,999,999,99,99,999,999,999,0,999
296,OzU_20,TR_123,3,1,,0,21,999,5,2,8,2,2,2,2,2,2,2,1,2,4,999,999,999,999,99,99,999,999,999,1,999
297,"SYR-M-BER2-03/08 (SYR-M-BER2-0308, Pos. 5)",DE_15,9,1,,0,36,4,1,999,1,2,2,2,2,2,2,2,2,1,3,999,999,999,999,99,99,999,1,999,999,999
300,HUN_3,HUN_3,6,1,,0,36,999,6,3,7,2,2,2,2,2,2,2,2,1,2,0,999,999,999,99,99,999,999,1,999,999
303,HUN_6,HUN_6,6,2,,0,28,999,5,999,999,2,2,2,2,2,2,2,1,2,2,0,1,0,999,99,99,999,1,1,1,1
304,HUN_7,HUN_7,6,2,,999,48,999,5,2,999,2,2,2,2,2,2,2,2,1,4,999,1,0,8,99,99,999,999,999,1,999
305,HUN_8,HUN_8,6,2,,0,27,999,999,2,999,2,2,2,2,2,2,2,1,2,2,0,1,0,999,99,99,999,1,999,1,999
307,HUN_10,HUN_10,6,2,,0,33,999,999,3,2,2,2,2,2,2,2,2,1,2,2,999,1,0,999,99,99,999,999,999,1,1
309,"SYR- F- GOE- 07.12 (SYR- F- GOE- 07.12, Pos. 6)",DE_16,9,1,,1,35,0,1,3,5,2,2,2,2,2,2,2,2,1,1,999,1,0,999,99,99,999,1,999,999,999
310,"SYR- F- GOE- 08.12 (SYR- F- GOE- 08.12, Pos. 6)",DE_17,9,1,,1,22,0,5,3,8,2,2,2,2,2,2,2,2,1,1,999,1,0,999,99,0,999,1,999,999,1
313,SYR- F- MUN- 05.12,DE_18,9,1,,1,20,0,5,3,8,2,2,2,2,2,2,2,2,1,1,999,1,999,999,0,0,999,1,999,1,1
314,SYR- M- Goe- 26.10,DE_19,9,1,,0,23,0,5,3,1,2,2,2,2,2,2,2,2,1,1,999,1,0,999,0,0,999,1,999,1,1
316,SYR- M- GOE- 28.10,DE_20,9,1,,0,20,0,5,3,8,2,2,2,2,2,2,2,2,1,3,999,1,999,999,99,99,999,999,999,999,999
318,SYR- M- GOE- 04.12,DE_21,9,1,,0,23,0,5,3,8,2,2,2,2,2,2,2,2,1,1,999,1,0,999,0,0,999,0,999,999,999
319,TUR-M-GÖ5-23/10,DE_22,9,4,Turkey,0,31,0,5,3,5,2,2,2,2,2,2,2,2,1,999,999,1,999,999,99,99,999,1,999,999,999
320,TUR-M-BER2-2312,DE_23,9,4,Turkey,0,25,0,999,3,4,2,2,2,2,2,2,2,2,1,3,999,1,999,999,99,99,999,0,999,1,1
326,BL-M-F-GOE-1801,DE_24,9,4,Bosnia,1,24,2,1,999,8,2,2,2,2,2,2,2,2,1,999,999,1,999,999,99,99,999,1,999,1,1
327,BL-F-FGOE-0702,DE_25,9,4,Montenegro,1,999,999,999,0,999,2,2,2,2,2,2,2,2,1,1,999,1,999,999,1,99,999,1,999,999,999
328,LIB-M-BER 27/04/19,DE_26,9,4,Libya,0,35,1,1,3,5,2,2,2,2,2,2,2,2,1,1,999,1,1,999,99,99,999,1,999,1,1
337,AT_4,AT_4,7,2,,0,26,0,5,0,8,2,2,2,2,2,2,2,2,1,1,999,1,1,999,1,2,999,1,1,0,999
338,AT_5,AT_5,7,4,Iran,0,999,0,5,2,8,2,2,2,2,2,2,2,2,1,1,999,1,1,15,1,2,999,1,999,0,999
339,AT_6,AT_6,7,2,,0,19,0,5,2,999,2,2,2,2,2,2,2,2,1,1,999,1,1,30,1,2,999,1,1,0,999
342,AT_9,AT_9,7,1,,0,33,2,1,3,5,2,2,2,2,2,2,2,2,1,2,999,1,0,4,99,99,999,999,0,1,999
347,AT_14,AT_14,7,2,,1,52,2,999,3,4,2,2,2,2,2,2,2,2,1,2,999,1,0,18,99,99,999,1,999,1,999
349,AT_16,AT_16,7,2,,1,34,3,1,999,2,2,2,2,2,2,2,2,2,1,3,1,1,0,999,99,99,999,1,1,999,999
350,AT_17,AT_17,7,4,Nigeria,0,21,0,5,2,999,2,2,2,2,2,1,1,2,2,1,999,1,1,12,1,2,999,999,1,0,0
354,AT_21,AT_21,7,4,Georgia,1,40,2,1,2,4,2,2,2,2,2,2,2,2,1,3,999,1,1,12,1,0,12,1,1,1,999
357,AT_24,AT_24,7,2,,1,34,3,1,1,8,2,2,2,2,2,2,2,2,1,3,999,1,1,999,1,0,999,1,1,1,1
358,AT_25,AT_25,7,2,,0,26,0,5,2,2,2,2,2,2,2,2,2,2,1,1,999,1,1,999,1,2,999,999,999,1,999
360,AT_27,AT_27,7,2,,1,64,8,1,1,999,2,1,2,2,2,2,2,2,2,1,999,1,1,3,1,2,999,1,999,0,0
362,AT_29,AT_29,7,1,,0,27,1,1,3,999,2,2,2,2,2,2,2,2,1,2,999,1,0,1,99,99,999,1,999,0,0
363,UK_6,UK_6,10,4,Iran,1,999,2,1,2,3,2,2,2,2,2,2,2,2,1,2,999,1,1,999,1,0,999,1,1,1,1
364,UK_7,UK_7,10,4,Iran,0,999,2,1,3,5,2,2,2,2,2,2,2,2,1,2,999,1,0,3,99,99,999,1,1,999,999
365,UK_8,UK_8,10,4,Iran,0,47,2,1,1,1,2,2,2,2,2,2,2,2,1,2,999,1,1,18,1,99,999,1,1,0,999
369,UK_12,UK_12,10,1,,0,999,4,1,3,5,2,2,2,2,2,2,2,2,1,2,999,1,0,3,99,99,999,999,999,1,999
370,UK_12,UK_16,10,4,Pakistan/Afghanistan,0,32,999,999,999,999,2,2,2,2,2,2,2,2,1,1,999,1,1,999,1,2,999,999,999,0,999
374,UK_2,UK_2,10,1,,0,26,999,5,3,999,2,2,2,2,1,1,2,2,2,3,0,1,0,2,99,99,999,1,0,1,999
376,UK_4,UK_4,10,1,,0,29,999,1,3,999,2,2,2,2,2,2,2,2,1,3,0,1,0,3,99,99,999,999,999,1,999
377,UK_5,UK_5,10,4,,0,44,5,1,3,5,2,2,2,2,2,1,2,2,2,1,0,1,1,8,1,1,6,999,1,0,0
378,DE_V_1,DE_V_1,9,3,,1,19,999,5,3,999,2,2,2,2,2,2,2,2,1,3,0,1,0,13,99,99,999,1,999,1,1
381,DE_V_4,DE_V_4,9,1,,1,38,3,1,2,8,2,2,2,2,2,2,2,2,1,3,0,1,0,24,99,99,999,1,0,1,1
382,DE_V_5,DE_V_5,9,3,,0,19,999,5,3,999,2,2,2,2,2,2,2,2,1,3,0,1,0,5,99,99,999,1,0,1,1
383,DE_V_6,DE_V_6,9,3,,0,25,999,5,3,5,2,2,2,2,2,2,2,2,1,3,0,1,0,12,99,99,999,1,0,1,1
387,DE_V_10,DE_V_10,9,3,,0,50,9,1,2,5,2,1,2,2,2,1,2,2,2,3,0,1,0,7,99,99,999,1,0,1,1
393,SWE_V_16,SWE_V_16,11,1,,0,42,3,1,3,5,2,2,2,2,2,2,1,2,2,2,0,1,0,6,99,99,999,1,1,1,1
394,SWE_V_17,SWE_V_17,11,1,,0,63,5,1,3,5,2,2,2,2,2,2,1,2,2,2,0,1,0,15,99,99,999,1,1,1,1
397,SWE_V_20,SWE_V_20,11,1,,0,34,2,1,2,7,2,2,2,2,2,2,2,2,1,4,0,1,0,2,0,99,999,1,0,1,1
398,SWE_V_21,SWE_V_21,11,1,,1,50,2,1,3,5,2,2,2,2,2,2,2,2,1,3,0,1,0,9,99,99,999,1,0,1,1
401,SWE_V_24,SWE_V_24,11,1,,1,26,999,5,3,8,2,2,2,2,2,2,2,2,1,3,0,1,0,8,99,99,999,1,1,1,1
403,HUN_11,HUN_11,6,2,,0,33,999,999,999,2,2,2,2,2,2,2,2,2,1,2,999,1,0,999,99,99,999,999,999,999,1
407,HUN_15,HUN_15,6,4,Iran,0,22,0,5,3,999,2,2,2,2,2,2,2,2,1,2,999,1,999,999,99,99,999,1,1,999,999
413,IRA-M-BER-2410,DE_27,9,4,Iran,0,21,0,5,3,8,2,2,2,2,2,2,2,1,2,4,999,1,1,4,1,2,999,1,0,0,0
414,TUR_42,TR_42,3,1,,1,42,5,1,0,8,2,2,2,2,2,2,2,2,1,4,0,999,999,999,99,99,999,0,0,0,0
418,TUR_46,TR_46,3,1,,1,40,5,1,0,8,2,2,2,2,2,2,2,2,1,4,0,999,999,999,99,99,999,0,0,1,1
420,TUR_48,TR_48,3,1,,1,32,1,1,3,5,2,2,2,2,2,2,2,2,1,4,0,999,999,999,99,99,999,0,0,0,0
421,TUR_49,TR_49,3,1,,0,24,999,5,2,8,2,2,2,2,2,2,2,2,1,4,0,999,999,999,99,99,999,1,0,1,1
422,TUR_50,TR_50,3,1,,1,36,5,2,0,8,2,2,2,2,2,2,2,2,1,4,0,999,999,999,99,99,999,1,0,1,1
423,TUR_51,TR_51,3,4,Senegal,0,36,1,1,3,7,2,2,2,2,2,2,2,2,1,6,1,999,999,999,99,99,999,1,0,0,0
425,TUR_53,TR_53,3,1,,1,41,3,4,3,5,2,2,2,2,2,1,2,2,2,4,0,999,999,999,99,99,999,1,0,0,999
426,TUR_54,TR_54,3,1,,0,55,3,1,3,5,2,2,2,2,2,2,2,2,1,4,0,999,999,999,99,99,999,0,0,1,1
427,TUR_55,TR_55,3,1,,0,45,5,1,2,7,2,2,2,2,2,1,2,2,2,4,0,999,999,999,99,99,999,1,0,1,1
430,TUR_58,TR_58,3,1,,1,38,6,4,0,8,2,2,2,2,2,2,2,2,1,4,1,999,999,999,99,2,999,1,0,1,1
431,TUR_59,TR_59,3,4,Sudan,0,67,999,4,3,999,2,2,2,2,2,2,2,2,1,1,1,999,999,999,99,2,999,1,1,1,1
432,TUR_60,TR_60,3,4,Morocco,0,27,1,1,2,999,1,2,2,2,2,2,2,2,2,6,0,999,999,999,99,99,999,1,0,1,1
433,TUR_61,TR_61,3,4,Morocco,1,23,0,1,3,3,2,2,1,2,2,2,2,2,2,6,0,999,999,999,99,99,999,1,0,1,1
436,TUR_64,TR_64,3,4,Sudan,0,28,0,5,0,1,2,2,2,2,2,2,2,2,1,6,1,999,999,999,99,2,999,1,0,1,1
437,TUR_65,TR_65,3,1,,0,53,6,1,2,7,2,2,2,2,2,2,2,2,1,4,0,999,999,999,99,99,999,1,0,0,0
448,Iq_Refugee_10,IQ_1,1,1,,1,20,0,1,1,8,2,2,2,2,2,2,2,2,1,1,1,1,0,999,0,0,999,999,999,1,0
451,Iq_Refugee_13,IQ_2,1,1,,1,36,4,1,3,5,2,2,2,2,2,2,2,2,1,1,1,0,1,0,0,99,999,999,1,1,1
452,Iq_Refugee19,IQ_3,1,1,,0,52,4,1,1,2,2,2,2,2,2,2,2,2,1,1,999,1,0,999,0,0,999,0,0,999,0
455,Iq_Refugee_15,IQ_4,1,1,,1,45,2,4,0,1,2,2,2,2,2,2,2,2,1,1,1,1,0,999,0,0,999,999,0,1,1
456,Iq_Refugee21,IQ_5,1,1,,1,21,1,1,2,8,2,2,2,2,2,2,2,2,1,1,999,1,0,2,0,0,999,0,0,1,1
457,Iq_Refugee_16,IQ_6,1,1,,1,38,5,2,1,8,2,2,2,2,2,2,2,2,1,1,1,1,0,7,0,0,999,999,0,1,999
459,Iq_Refugee22,IQ_7,1,1,,0,45,2,1,2,2,2,2,2,2,2,2,2,2,1,1,999,1,0,1,0,0,999,0,0,1,1
462,Iq_Refugee24,IQ_8,1,1,,0,41,4,1,999,999,2,2,2,2,2,2,2,2,1,1,999,1,0,1,0,0,999,0,0,1,0
463,Iq_Refugee_29,IQ_9,1,1,,0,60,4,1,2,1,2,2,2,2,2,2,2,2,1,1,1,1,0,999,0,99,999,999,0,1,1
465,Iq_Refugee_28,IQ_10,1,1,,0,70,10,1,0,1,2,2,2,2,2,2,2,2,1,1,1,1,0,999,0,99,999,999,0,1,1
466,Iq_Refugee_27,IQ_11,1,1,,1,32,3,1,0,1,2,2,2,2,2,2,2,2,1,1,1,1,0,1,0,99,999,999,0,1,999
469,Iq_IDPs_2,IQ_12,1,3,,1,48,999,5,3,4,2,2,2,2,2,2,2,2,1,999,999,999,999,999,99,99,999,999,0,1,1
473,Iq_IDPs_15,IQ_13,1,3,,0,47,5,1,999,3,2,2,2,2,2,2,2,2,1,999,999,1,0,999,0,0,999,0,0,1,1
475,Iq_IDPs_17,IQ_14,1,3,,0,42,8,1,999,999,2,2,2,2,2,2,2,2,1,999,999,1,0,999,99,99,999,0,0,1,1
477,Iq_IDPs_19,IQ_15,1,3,,1,36,999,1,999,999,2,2,2,2,2,2,2,2,1,999,999,1,0,999,99,99,999,0,0,1,0
479,Iq_IDPs_20,IQ_16,1,3,,0,65,999,1,999,4,2,2,2,2,2,2,2,2,1,999,999,1,0,999,99,99,999,0,999,999,0
481,Iq_IDPs_7,IQ_17,1,3,,0,35,999,5,999,999,2,2,2,2,2,2,2,2,1,999,999,999,999,999,99,99,999,999,999,0,0
482,Iq_IDPs_8,IQ_18,1,3,,0,36,1,2,999,3,2,2,2,2,2,2,2,2,1,999,0,999,999,999,99,99,999,999,999,1,0
485,Iq_IDPs_10,IQ_19,1,3,,1,69,6,1,999,4,2,2,2,2,2,2,2,2,1,999,999,999,999,999,99,99,999,999,999,1,1
486,IQ_IDPs_12,IQ_20,1,3,,0,35,1,1,999,5,2,2,2,2,2,2,2,2,1,5,0,0,0,999,0,0,999,0,999,1,1
490,IQ_IDPs_25,IQ_21,1,3,,0,24,0,5,999,999,2,2,2,2,2,2,2,2,1,5,0,0,0,999,0,0,999,0,0,1,1
491,IQ_IDPs_26,IQ_22,1,3,,1,57,8,4,999,8,2,2,2,2,2,2,1,2,2,5,0,0,0,999,0,0,999,0,0,1,1
493,Iq_IDPs_22,IQ_23,1,3,,0,44,3,1,3,5,2,2,2,2,2,2,2,2,1,999,999,1,0,999,99,99,999,0,0,1,0
495,Iq_IDPs_24,IQ_24,1,3,,1,18,999,5,999,8,2,2,2,2,2,2,2,2,1,999,999,1,0,999,99,99,999,1,0,1,1
496,Iq_IDPs_27,IQ_25,1,3,,1,52,8,1,999,999,2,2,2,2,2,2,2,2,1,5,0,0,0,999,0,99,999,999,999,1,1
499,IQ_IDPs_28,IQ_26,1,3,,1,51,4,1,3,5,2,2,2,2,2,2,2,2,1,5,0,0,0,999,0,0,999,999,999,0,999
503,GRE_6,GRE_6,4,1,,1,18,0,5,2,999,2,2,2,2,2,2,2,2,1,1,999,1,999,999,99,99,999,1,1,999,999
506,GRE_9,GRE_9,4,4,Burundi,0,37,3,1,3,5,2,2,2,2,2,2,1,2,2,3,999,1,0,999,0,0,999,1,1,0,1
507,GRE_10,GRE_10,4,2,,1,24,0,5,3,5,2,2,2,2,2,2,2,1,2,3,999,1,0,365,0,0,999,1,1,0,1
508,GRE_11,GRE_11,4,4,Iran,0,21,0,5,999,7,2,2,2,2,2,2,2,2,1,1,1,1,0,999,99,99,999,1,1,1,1
510,GRE_14,GRE_14,4,3,,0,21,0,5,999,999,2,2,2,2,2,2,2,2,1,1,999,1,999,999,99,99,999,1,1,999,1
511,GRE_15,GRE_15,4,2,,0,28,0,6,2,8,2,2,2,2,2,2,2,2,1,1,0,1,1,48,1,2,60,1,1,1,1
513,GRE_17,GRE_17,4,4,Somalia,0,24,0,999,2,7,2,2,2,2,2,2,2,1,2,1,999,1,999,999,99,99,999,1,0,1,1
517,GRE_22,GRE_22,4,2,,0,18,0,5,2,8,2,2,2,2,2,2,2,1,2,1,999,1,0,12,99,99,999,1,1,0,0
518,GRE_23,GRE_23,4,4,Congo,0,999,999,999,3,4,2,2,2,2,2,1,2,1,2,1,999,1,1,13,1,2,999,1,1,0,0
523,GRE_29,GRE_29,4,1,,0,20,0,999,1,2,2,2,2,2,2,2,2,1,2,2,999,1,0,1,0,0,999,1,1,0,0
525,GRE_31,GRE_31,4,4,Cameroon,0,24,0,5,3,999,2,2,2,2,2,2,2,2,1,1,999,1,999,999,0,0,999,1,1,0,0
527,GRE_32_a,GRE_42,4,1,,0,30,2,1,999,999,2,2,2,2,2,2,2,2,1,1,999,1,999,999,0,0,999,1,0,0,0
530,GRE_35_b,GRE_48,4,1,,1,23,2,1,999,999,2,2,1,2,2,2,2,1,2,1,999,1,0,999,0,0,999,1,0,1,1
534,GRE_34_b,GRE_47,4,1,,1,23,2,1,2,999,2,2,2,2,2,2,2,1,2,1,999,1,999,2,0,0,999,1,0,1,1
535,GRE_12_a,GRE_35,4,2,,0,34,2,1,1,999,2,2,2,2,2,2,2,2,1,1,999,1,999,999,0,0,999,1,1,0,1
538,GRE_12_d,GRE_38,4,2,,0,23,0,5,2,2,2,2,2,2,2,2,1,1,2,1,999,1,999,999,99,99,999,1,1,1,1
539,GRE_12_e,GRE_39,4,2,,1,26,0,999,2,999,2,2,2,2,2,2,1,1,2,1,999,1,999,3,99,99,999,1,1,1,1
1,ERI-M-GRO-06/07,DE_28,9,4,Eritrea,0,28,0,6,3,999,2,2,2,2,1,2,1,1,2,6,999,1,1,12,1,1,7,999,1,0,1
3,IRA-M-Goe-0908,DE_29,9,4,Iran,0,27,0,2,999,8,2,2,2,2,2,2,2,2,1,6,999,1,1,14,99,99,999,999,1,0,999
5,NIG-W-GRO-11/07,DE_30,9,4,Nigeria/Cameroon,1,37,1,6,2,2,2,2,2,2,2,2,2,2,1,1,999,1,1,2,1,1,6,999,999,999,999
6,SEN-M-GRO-08/07,DE_31,9,4,Senegal,0,32,0,6,999,1,2,2,2,2,2,2,2,2,1,999,999,1,1,999,99,2,999,999,1,999,999
13,06 - ITA04032019MICRO,ITA_6,5,4,Nigeria,0,26,999,5,999,7,2,2,2,2,2,2,2,2,1,1,999,1,1,999,99,2,999,999,0,1,999
14,07 - ITA04032019MICRO,ITA_7,5,4,Nigeria,0,21,999,5,999,7,2,2,2,2,2,2,2,2,1,1,999,1,999,999,99,99,999,999,999,999,999
16,09 - ITA04032019MICRO,ITA_9,5,4,Ghana,0,24,999,5,999,999,2,2,2,2,2,2,2,2,1,1,999,1,1,999,1,2,999,1,1,999,999
19,12 - ITA04032019MICRO,ITA_12,5,4,Ghana,0,28,999,5,3,8,2,2,2,2,2,2,2,2,1,1,999,1,1,999,1,2,999,999,999,1,999
20,13 - ITA04032019MICRO,ITA_13,5,4,Sierra Leone,0,22,999,5,999,999,2,2,2,2,2,2,2,2,1,1,999,1,999,999,99,99,999,999,1,999,999
21,14 - ITA04032019MICRO,ITA_14,5,4,Ivory Coast,0,23,999,5,3,999,2,2,2,2,2,2,2,2,1,6,999,1,0,999,99,99,999,999,1,999,999
22,15 - ITA04032019MICRO,ITA_15,5,4,Morocco,0,27,999,5,999,1,2,2,2,2,2,2,2,2,1,1,999,1,1,999,1,2,999,999,999,999,999
26,19 - ITA05032019MICRO,ITA_19,5,4,Ghana,0,26,1,1,3,8,2,2,2,2,2,2,2,2,1,1,999,1,1,999,1,2,999,999,999,999,999
30,23 - ITA06032019MICRO,ITA_23,5,4,El Salvador,0,37,999,5,999,2,2,2,2,2,2,2,2,2,1,6,999,0,999,999,99,99,999,999,999,999,999
36,29 - ITA12042019MICRO,ITA_29,5,4,Ivory Coast,0,26,999,5,3,1,2,2,2,2,2,2,2,2,1,6,999,1,0,999,99,99,999,999,1,999,1
37,SYR- M- MUN- 04.12,DE_32,9,1,,0,22,0,5,2,8,2,2,2,2,2,2,2,2,1,4,999,1,0,1,99,99,999,1,999,1,1
42,TUR_66,TR_66,3,1,,1,60,7,1,1,2,2,2,2,2,2,2,2,2,1,4,0,0,0,999,0,0,999,0,0,1,999
44,TUR_68,TR_68,3,1,,1,35,3,1,1,8,2,2,2,2,2,2,2,2,1,4,0,999,999,999,99,99,999,999,999,1,999
45,TUR_69,TR_69,3,1,,1,60,3,4,0,8,2,1,2,2,2,1,2,2,2,4,0,0,999,999,99,99,999,999,999,1,1
47,TUR_71,TR_71,3,1,,1,26,2,1,3,5,2,2,2,2,2,2,2,2,1,5,0,0,999,999,99,99,999,999,999,1,999
48,TUR_72,TR_72,3,1,,1,27,1,2,3,2,2,2,2,1,2,2,2,2,2,4,0,0,999,999,99,99,999,999,999,0,0
54,TUR_77,TR_77,3,1,,0,48,4,1,1,2,2,2,2,2,2,2,2,2,1,4,0,0,999,999,99,99,999,999,999,1,0
57,TUR_80,TR_80,3,1,,0,19,0,5,2,8,2,2,2,2,2,2,2,2,1,4,0,999,999,999,99,99,999,999,999,1,999
58,TUR_81,TR_81,3,1,,0,35,5,1,1,2,2,2,2,2,2,2,2,2,1,4,0,999,999,999,99,99,999,999,999,999,999
59,TUR_82,TR_82,3,1,,0,35,2,1,3,5,2,2,2,2,2,2,2,2,1,4,1,1,0,999,99,99,999,999,999,1,999
61,TUR_84,TR_84,3,1,,0,30,5,1,3,6,2,2,2,2,2,2,2,2,1,5,0,0,999,999,99,99,999,999,999,999,999
64,TUR_86,TR_125,3,1,,0,58,9,1,1,7,2,2,2,2,2,2,2,2,1,5,0,0,999,999,99,99,999,999,999,1,0
66,TUR_88,TR_88,3,1,,0,46,5,1,3,5,2,2,2,2,2,2,2,2,1,4,1,1,0,999,99,99,999,999,0,0,0
67,TUR_89,TR_89,3,1,,1,60,1,2,0,1,2,1,2,2,2,2,2,2,2,4,1,1,0,24,99,99,999,1,1,1,1
74,TUR_96,TR_96,3,1,,0,50,999,1,3,5,2,2,2,2,2,2,2,2,1,5,0,0,999,999,99,99,999,999,999,999,999
77,TUR_99,TR_99,3,1,,0,999,10,1,0,1,2,2,2,2,2,2,2,2,1,4,999,999,999,999,99,99,999,999,999,0,0
79,TUR_101,TR_101,3,1,,1,34,2,1,3,5,2,2,2,2,2,2,2,2,1,4,0,0,999,999,99,99,999,999,999,1,1
82,PLMiSy21,PLM_21,8,1,,0,27,0,5,3,3,2,2,2,2,2,2,2,2,1,2,0,1,0,999,99,99,999,1,0,1,999
83,SYR- F- MUN- 14.08,DE_33,9,1,,1,41,0,1,3,5,2,2,2,2,2,2,2,2,1,2,999,1,0,999,99,99,999,999,0,1,1
84,PLMICh07,PLM_7,8,4,Russia (Chechnya),1,38,2,4,1,1,2,2,2,1,2,2,2,2,2,3,0,1,0,14,0,0,999,999,0,1,999
86,SYR-M-MUN-08.09,DE_34,9,1,,0,20,0,5,2,2,2,2,2,2,2,2,2,2,1,2,999,1,0,1,0,0,999,1,999,0,1
87,SYR- M- MUN- 27.11,DE_35,9,1,,0,20,0,5,1,2,2,2,2,2,2,2,2,2,1,2,999,0,0,999,99,0,999,1,999,1,1
89,PLMICh01,PLM_1,8,4,Russia (Chechnya),1,41,3,1,2,8,2,2,2,1,2,2,2,2,2,3,0,1,0,999,0,99,999,999,0,1,999
95,AFGH-W-Goe-1710,DE_36,9,2,,1,24,0,1,999,1,2,2,2,2,2,1,2,2,2,1,999,1,1,999,1,2,999,999,1,999,1
101,TUR_3,TR_3,3,1,,1,28,999,1,3,5,2,2,2,2,2,2,2,2,1,4,999,0,999,999,99,0,999,0,0,0,999
102,TUR_4,TR_4,3,1,,1,35,4,1,999,999,2,2,2,2,2,2,2,2,1,4,999,0,999,999,0,99,999,0,0,0,1
105,TUR_7,TR_7,3,1,,1,23,2,1,999,8,2,2,2,2,2,2,2,2,1,4,0,0,999,999,0,99,999,0,0,1,999
106,TUR_8,TR_8,3,1,,1,30,1,1,999,1,2,2,2,2,2,2,2,2,1,4,0,0,999,999,0,99,999,0,0,1,1
107,TUR_9,TR_9,3,1,,1,28,2,1,999,8,2,2,2,1,2,2,2,2,2,4,1,0,999,999,0,99,999,0,0,1,1
108,TUR_10,TR_10,3,1,,0,60,6,1,999,7,2,1,2,2,2,1,2,2,2,4,0,0,999,999,0,99,999,0,0,1,1
110,TUR_12,TR_12,3,1,,0,25,3,1,999,2,2,2,2,2,2,2,2,2,1,4,0,0,999,999,0,99,999,0,0,1,999
112,TUR_14,TR_14,3,1,,0,48,1,1,999,2,2,2,2,2,2,2,2,2,1,4,1,0,999,999,0,99,999,0,0,1,1
113,TUR_15,TR_15,3,1,,0,50,4,1,999,7,2,2,2,2,2,2,2,2,1,4,0,0,999,999,0,99,999,0,0,1,0
114,TUR_16,TR_16,3,1,,0,28,3,1,999,2,2,2,2,2,2,2,2,2,1,4,0,0,999,999,0,99,999,0,0,1,999
116,TUR_18,TR_18,3,1,,0,23,1,1,1,2,2,2,2,2,2,2,2,2,1,4,0,0,999,999,0,99,999,0,0,0,999
117,TUR_19,TR_19,3,1,,0,24,2,1,3,8,2,2,2,2,2,2,2,2,1,4,0,0,999,999,0,99,999,0,0,1,1
119,IRA –M-Goe 1909,DE_37,9,4,Iran,0,43,1,1,3,5,2,2,2,2,2,2,2,2,1,2,999,1,1,18,1,2,999,1,999,0,1
121,PLMIUk16,PLM_16,8,4,Georgia,0,38,2,1,3,2,2,2,2,2,2,2,2,2,1,3,999,1,1,24,1,0,18,0,1,1,1
122,PLMIUk20,PLM_20,8,4,Ukraine,1,39,1,2,3,5,2,2,2,2,2,2,2,2,1,3,999,0,1,999,1,1,999,999,999,999,1
123,PlMICh14,PLM_14,8,4,Chechnya,0,32,2,1,2,2,2,2,2,2,2,2,1,2,2,3,0,1,0,999,99,99,over 4,1,0,1,999
126,PLMICh15,PLM_15,8,4,Russia (Chechnya),0,27,0,5,3,999,2,2,2,2,2,2,1,2,2,1,999,1,999,60,99,99,999,0,999,1,1
127,PLMIUk19,PLM_19,8,4,Ukraine,1,37,3,1,1,7,2,2,2,2,2,2,2,2,1,3,0,1,1,999,1,1,over 36,999,1,0,1
130,PLMICh02,PLM_2,8,4,Russia (Chechnya),1,30,3,1,3,4,2,2,2,2,2,2,2,2,1,1,999,1,1,999,1,2,6,1,1,0,1
132,PLMIKa30,PLM_30,8,4,Kazakhstan,1,32,2,2,3,999,2,2,2,1,2,2,2,2,2,1,1,1,999,10,99,99,999,999,999,1,1
133,IRAQ-M-BER1-30/07,DE_38,9,3,,0,30,0,5,3,5,1,2,2,2,2,2,2,2,2,999,999,1,999,999,99,99,999,999,1,999,999
134,IRA-M-BER- 18.12,DE_39,9,4,Iran,1,30,0,5,999,999,2,2,2,2,2,2,2,2,1,999,999,1,999,1,99,99,999,999,999,999,999
136,PLMICh11,PLM_11,8,4,Russia (Chechnya),0,44,7,1,3,2,2,2,2,2,2,2,2,2,1,6,0,1,0,9,0,0,999,999,999,1,999
137,PLMISy23,PLM_23,8,1,,0,32,0,5,3,5,2,2,2,2,2,2,2,2,1,2,0,1,0,6,0,99,999,999,1,1,1
138,IRAQ-M-BER2-0208,DE_40,9,3,,0,36,4,1,2,2,2,2,1,2,2,2,2,2,2,999,999,1,1,3,1,2,999,1,999,999,999
139,PLMIJe29,PLM_29,8,4,Yemen,0,38,2,1,3,6,2,2,2,2,2,2,2,1,2,3,999,999,999,999,99,99,999,1,999,999,1
142,LEB_Micro_Female_03.11.2018_Ibuprofen,LEB_31,2,1,,1,29,5,1,999,1,2,2,2,2,2,2,2,2,1,6,1,999,999,999,99,99,999,999,999,0,1
143,LEB_Micro_Female_03.12.2018_Beirut_Cashassistance,LEB_32,2,1,,1,39,3,1,999,1,2,2,2,2,2,2,2,2,1,6,1,999,999,999,99,99,999,999,999,0,0
144,LEB_Micro_Female_04.11.2018_Akkar_Male&Female,LEB_33,2,1,,1,25,5,1,999,1,2,2,2,2,2,2,2,2,1,6,1,999,999,999,99,99,999,999,999,0,0
146,LEB_Micro_Female_05.12.2018_Tripoli_Education,LEB_34,2,1,,1,28,2,1,999,8,2,2,2,2,2,2,2,2,1,6,1,999,999,999,99,99,999,999,999,999,1
147,LEB_Mirco_Female_05.12.2018_Tripoli_Factory,LEB_35,2,1,,1,34,999,1,999,999,2,2,2,2,2,2,2,2,1,6,1,999,999,999,99,99,999,999,999,0,0
149,LEB_Micro_Female_05.12.2018_Tripoli_Homs1,LEB_36,2,1,,1,55,8,1,2,1,2,2,2,2,2,2,2,2,1,6,1,999,999,999,99,99,999,999,999,0,0
150,LEB_Micro_Female_06.12.2018_Tripoli_Plaster,LEB_37,2,1,,1,999,5,1,2,8,2,2,2,2,2,2,2,2,1,6,1,999,999,999,99,99,999,999,999,0,1
151,LEB_Micro_Female_10.11.2018_MajdalAnjar_7thgrade,LEB_38,2,1,,1,20,0,1,2,8,2,2,2,2,2,2,2,2,1,6,1,999,999,999,99,99,999,999,999,0,0
152,LEB_Micro_Female_10.11.2018_MajdalAnjar_Heartproblems,LEB_39,2,1,,1,52,4,1,999,8,2,2,2,2,2,1,2,2,2,6,1,999,999,999,99,99,999,999,999,0,1
153,LEB_Micro_Female_10.11.2018_MajdalAnjar_Sweets,LEB_40,2,1,,1,38,3,1,999,8,2,2,2,2,2,2,2,2,1,6,1,999,999,999,99,99,999,999,999,0,0
155,LEB_Micro_Female_10.12.2018_MajdalAnjar_Girlsschool,LEB_41,2,1,,1,24,0,5,3,8,2,2,2,2,2,2,2,2,1,6,1,999,999,999,99,99,999,999,999,0,0
157,LEB_Micro_Female_14.12.2018_Bourj_Palestinian4,LEB_42,2,4,Syrian-Palestinian,1,51,4,1,3,5,2,2,2,2,2,2,2,2,1,6,1,999,999,999,99,99,999,999,999,0,1
162,LEB_Micro_Female_21.10.2018_MountLebanon_FamilyBusiness,LEB_43,2,1,,1,24,2,1,3,8,2,2,1,2,2,2,2,2,2,6,1,999,999,999,99,99,999,999,999,0,1
164,LEB_Micro_Female_23.11.2018_Beirut_Aleppo,LEB_44,2,1,,1,46,5,4,999,8,2,2,2,1,2,2,2,2,2,6,1,999,999,999,99,99,999,999,999,0,0
165,LEB_Micro_Female_23.11.2018_Beirut_Aleppo3,LEB_45,2,1,,1,27,1,2,3,2,2,2,2,1,2,2,2,2,2,6,1,999,999,999,99,99,999,999,999,0,0
166,LEB_Micro_Female_23.11.2018_Beirut_Daraa,LEB_46,2,1,,1,60,3,4,999,8,2,1,2,2,2,1,2,2,2,6,1,999,999,999,99,99,999,999,999,0,0
170,LEB_Micro_Female_29.11.2018_Tyre_Milk,LEB_47,2,1,,1,35,4,1,999,1,2,2,2,2,2,2,2,2,1,6,1,999,999,999,99,99,999,999,999,0,0
175,LEB_Micro_Male_03.11.2018_Akkar_Tourism,LEB_48,2,1,,0,32,3,1,999,1,2,2,2,2,2,2,2,2,1,6,1,999,999,999,99,99,999,999,999,0,1
179,LEB_Micro_Male_04.11.2018_Akkar_Raqqa,LEB_49,2,1,,0,999,6,1,999,999,2,2,2,2,2,2,2,2,1,6,1,999,999,999,99,99,999,999,999,0,1
181,LEB_Micro_Male_04.12.2018_Beirut_Relativesabroad,LEB_50,2,1,,0,40,6,1,1,2,2,2,2,2,2,2,2,2,1,6,1,999,999,999,99,99,999,999,999,0,0
183,LEB_Micro_Male_10.11.2018_MajdalAnjar_Burnttent,LEB_51,2,1,,0,35,1,1,2,7,2,2,2,2,2,2,2,2,1,6,1,999,999,999,99,99,999,999,999,0,0
184,LEB_Micro_Male_10.11.2018_MajdalAnjar_Derelzor,LEB_52,2,1,,0,31,7,1,2,1,2,2,2,2,2,2,2,2,1,6,1,999,999,999,99,99,999,999,999,0,1
185,LEB_Micro_Male_10.11.2018_MajdalAnjar_Hearingaid,LEB_53,2,1,,0,35,2,1,3,5,2,2,2,2,2,2,2,2,1,6,1,999,999,999,99,99,999,999,999,0,0
187,LEB_Micro_Male_10.11.2018_MajdalAnjar_Nerves,LEB_54,2,1,,0,30,1,1,999,1,1,2,2,2,2,2,2,2,2,6,1,999,999,999,99,99,999,999,999,0,0
189,LEB_Micro_Male_10.12.2018_MajdalAnjar_Aleppo,LEB_55,2,1,,0,21,0,5,999,1,2,2,2,2,2,2,2,2,1,6,1,999,999,999,99,99,999,999,999,0,1
191,LEB_Micro_Male_11.12.2018_SinElFil_Derelzor1,LEB_56,2,1,,0,28,0,5,3,5,2,2,2,2,2,2,2,2,1,6,1,999,999,999,99,99,999,999,999,0,1
192,LEB_Micro_Male_11.12.2018_SinelFil_DerelZor2,LEB_57,2,1,,0,28,0,5,3,5,2,2,2,2,2,2,2,2,1,6,1,999,999,999,99,99,999,999,999,0,999
194,LEB_Micro_Male_14.12.2018_Bourj_Palestinian1,LEB_58,2,4,Syrian-Palestinian,0,999,3,1,999,2,2,2,2,2,2,2,2,2,1,6,1,999,999,999,99,99,999,999,999,0,1
195,LEB_Micro_Male_14.12.2018_Bourj_Palestinian3,LEB_59,2,4,Syrian-Palestinian,0,66,4,1,999,2,2,1,2,2,2,2,2,2,2,6,1,999,999,999,99,99,999,999,999,0,0
201,SWE_2,SWE_2,11,1,,1,32,999,1,3,5,2,2,2,2,2,2,2,2,1,2,999,1,0,18,0,0,999,999,1,1,999
204,SWE_32,SWE_32,11,1,,1,50,2,1,3,2,2,2,2,2,2,1,2,2,2,2,0,1,0,12,0,0,999,999,999,1,999
207,SWE_29,SWE_29,11,1,,1,32,2,2,2,3,2,2,2,1,2,2,2,2,2,2,0,1,0,10,0,99,999,999,999,1,1
211,SWE_60,SWE_60,11,2,,0,63,6,1,3,6,2,2,2,2,2,2,1,2,2,3,999,0,0,24,1,2,8,1,1,1,999
215,SWE_11,SWE_11,11,1,,0,41,3,1,3,3,2,2,2,2,2,2,2,2,1,1,0,0,1,12,1,1,12,999,1,1,1
216,SWE_9,SWE_9,11,1,,0,50,2,1,3,5,2,2,2,2,2,2,2,2,1,2,0,1,0,10,99,99,999,999,0,0,0
221,SWE_53,SWE_53,11,2,,1,36,3,1,0,8,2,2,2,2,2,2,2,2,1,1,999,0,1,999,1,1,999,1,1,0,999
223,IRA-M-BER-2011,DE_41,9,4,Iran,0,37,999,5,3,7,2,2,2,2,2,2,2,2,1,2,0,1,0,999,99,999,999,999,0,0,1
224,IRA-M-BER-0911,DE_42,9,3,,0,34,999,5,3,5,2,2,2,2,2,2,1,2,2,2,1,1,0,6,99,999,999,1,1,999,1
229,BL-F-GOE-0702,DE_43,9,4,Montenegro,1,38,0,2,2,1,2,2,2,2,2,2,2,2,1,1,0,1,1,999,1,2,999,1,1,1,1
230,SWE_44,SWE_44,11,1,,0,29,0,5,3,3,2,2,2,2,2,2,2,2,1,2,0,0,1,13,1,0,999,0,1,1,999
232,SWE_26,SWE_26,11,1,,1,35,1,1,3,4,2,2,2,2,2,2,2,2,1,6,999,999,999,999,99,0,999,1,1,0,999
233,SWE_8,SWE_8,11,1,,1,46,2,1,3,999,2,2,2,2,2,2,2,2,1,6,999,999,999,999,99,99,999,999,999,0,999
236,SWE_17,SWE_17,11,1,,0,25,0,5,1,1,2,2,2,2,2,2,2,2,1,4,999,1,0,3,99,99,999,1,0,0,999
237,SWE_5,SWE_5,11,1,,1,28,999,5,3,5,2,2,2,2,2,2,2,2,1,2,0,1,0,2,99,99,999,999,999,0,999
240,SWE_18,SWE_18,11,1,,1,34,4,1,2,8,2,2,2,2,2,2,2,2,1,3,999,1,0,1,99,99,999,0,0,1,999
241,SWE_23,SWE_23,11,1,,1,35,3,4,3,5,2,2,2,2,2,2,2,2,1,1,999,1,999,999,99,0,999,999,1,1,1
242,SWE_13,SWE_13,11,1,,1,43,2,2,3,5,2,2,2,1,2,2,2,1,2,2,999,1,0,5,99,99,999,999,1,0,0
245,SWE_34,SWE_34,11,1,,0,45,3,1,3,7,2,2,2,2,2,2,2,2,1,2,999,1,0,12,99,99,999,0,1,1,1
246,SWE_36,SWE_36,11,1,,1,32,999,5,999,1,2,2,2,2,2,2,2,2,1,3,999,1,0,7,99,99,999,1,0,1,999
248,SWE_14,SWE_14,11,1,,0,30,999,3,3,8,2,2,2,2,2,2,2,2,1,4,999,1,0,999,0,0,999,999,999,0,1
251,SWE_41,SWE_41,11,1,,0,61,999,5,3,5,2,1,2,2,2,1,2,2,2,1,999,1,0,2,99,99,999,1,999,1,1
253,SWE_1,SWE_1,11,1,,0,84,2,1,3,999,2,1,2,2,2,2,2,2,2,2,0,1,0,3,0,0,999,1,0,1,999
261,SWE_21,SWE_21,11,1,,1,27,1,2,3,5,2,2,2,1,2,2,2,2,2,2,999,1,0,21,0,0,999,1,999,0,999
265,SWE_4,SWE_4,11,1,,0,43,999,5,3,5,2,2,2,2,2,2,2,2,1,2,999,1,0,1,0,0,999,999,1,1,999
266,SWE_57,SWE_57,11,2,,1,19,999,5,999,2,2,2,2,2,2,2,2,2,1,1,0,0,1,999,1,1,999,1,1,0,999
267,SWE_49,SWE_49,11,2,,0,26,2,1,1,1,2,2,2,2,2,2,2,2,1,1,0,0,1,999,1,2,999,999,1,0,999
269,OzU_1,TR_104,3,1,,1,29,0,1,3,8,2,2,2,2,2,2,2,2,1,4,999,1,0,999,0,99,999,1,0,1,999
271,PLMICh10,PLM_10,8,4,Russia (Chechnya),0,37,1,1,3,5,2,2,2,2,2,2,2,2,1,3,999,1,0,36,99,99,999,1,0,1,1
275,IRAQ-M-BER1-30/07,DE_44,9,3,,0,30,0,5,3,8,2,2,2,2,2,2,2,2,1,2,999,999,999,999,99,99,999,999,999,999,999
276,IRAQ-M-BER2-02/08,DE_45,9,3,,0,36,4,1,2,4,2,2,2,2,2,2,1,2,2,1,999,1,1,999,99,2,999,1,999,999,999
277,NIG-W-GRO-20/11/18,DE_46,9,4,Nigeria,1,34,2,3,3,3,2,2,2,2,2,2,1,1,2,1,999,1,1,999,1,2,999,1,999,1,1
278,SYR-M-BER1-28/07,DE_47,9,1,,0,26,0,6,3,999,2,2,2,2,2,2,2,2,1,2,999,1,0,2,0,0,999,1,999,1,1
282,OzU_6,TR_109,3,1,,1,36,6,1,1,8,2,2,2,2,2,2,2,1,2,4,0,999,999,999,99,99,999,999,0,0,1
283,OzU_7,TR_110,3,1,,1,46,3,1,999,3,2,2,2,2,2,2,2,2,1,4,999,999,999,999,99,99,999,999,999,1,0
284,OzU_8,TR_111,3,1,,1,40,5,2,2,3,2,2,2,1,2,2,2,1,2,4,1,1,0,999,99,0,999,1,999,0,0
286,OzU_10,TR_113,3,1,,1,37,2,1,3,5,2,2,2,2,2,2,2,2,1,4,999,999,999,999,99,99,999,999,999,0,999
288,OzU_12,TR_115,3,1,,1,26,2,1,3,8,2,2,2,2,2,2,2,2,1,4,999,999,999,999,99,99,999,1,999,0,999
289,OzU_13,TR_116,3,1,,1,27,2,1,3,8,2,2,2,2,2,2,2,2,1,4,0,999,999,999,99,99,999,999,999,1,999
294,OzU_18,TR_121,3,1,,0,55,4,1,3,5,2,2,2,2,2,2,2,2,1,4,999,999,999,999,99,99,999,999,999,0,999
298,HUN_1,HUN_1,6,2,,0,29,999,6,999,999,2,2,2,2,2,2,2,2,1,2,1,0,0,999,99,99,999,999,999,999,999
299,HUN_2,HUN_2,6,2,,0,24,999,6,999,999,2,2,2,2,2,2,2,2,1,2,999,999,999,999,99,99,999,999,999,0,1
301,HUN_4,HUN_4,6,1,,1,35,1,1,3,5,2,2,2,2,2,2,2,2,1,2,999,1,0,999,99,99,999,1,999,0,999
302,HUN_5,HUN_5,6,2,,0,27,999,5,0,7,2,2,2,2,2,2,2,2,1,5,0,1,0,9,99,99,999,999,999,1,1
306,HUN_9,HUN_9,6,2,,0,24,0,5,999,999,2,2,2,2,2,2,2,2,1,2,999,1,0,999,99,99,999,999,999,0,999
308,HUN_11,HUN_20,6,2,,999,999,3,1,999,1,2,2,2,2,2,2,2,2,1,2,999,1,1,999,1,0,999,999,999,1,1
311,"SYR- F- GOE- 14.12 (SYR- F- GOE- 14.12, Pos. 6)",DE_48,9,1,,1,25,0,3,3,8,2,2,2,2,2,2,2,2,1,1,999,999,0,999,0,0,999,0,999,1,1
315,SYR- M- GOE- 27.10,DE_49,9,1,,0,34,4,1,3,5,2,2,2,2,2,2,2,2,1,1,999,1,0,999,0,0,999,999,999,1,1
317,SYR- M- Goe- 30.10,DE_50,9,1,,0,22,0,5,3,8,2,2,2,2,2,2,2,2,1,1,999,1,0,999,99,99,999,1,999,999,999
321,TUR-M-GÖ2-20/08,DE_51,9,4,Turkey,0,55,3,1,999,4,2,2,2,2,2,2,2,2,1,1,999,1,999,999,99,99,999,999,1,1,1
322,TUR-W-BER3-24/12,DE_52,9,4,Turkey,1,33,1,1,999,1,2,2,2,2,2,2,2,2,1,999,999,1,1,999,99,99,999,999,999,999,1
323,TUR-M-GÖ1-18/08,DE_53,9,4,Turkey,0,67,6,1,3,1,2,2,2,2,2,2,2,2,1,6,999,1,1,999,99,99,999,999,999,999,999
324,TUR-M-GÖ4-11/09,DE_54,9,4,Turkey,0,29,999,999,3,1,2,2,2,2,2,2,2,2,1,999,999,1,999,999,99,99,999,1,999,999,999
325,BL-M-F-GOE-1801,DE_55,9,4,Bosnia,0,28,2,1,999,999,2,2,2,2,2,2,2,2,1,999,999,1,999,999,99,99,999,999,999,999,999
329,LIB-M-BER 28/04/19,DE_56,9,4,Libya,0,28,0,5,3,5,2,2,2,2,2,2,2,2,1,1,999,1,999,999,99,99,999,1,999,1,1
331,BL-F-FGOE-0702A,DE_57,9,4,Montenegro,1,999,999,999,0,999,2,2,2,1,2,2,2,2,2,1,999,1,999,999,1,99,999,1,999,999,999
332,TUR-W-GÖ-23/08,DE_58,9,4,Turkey,1,36,4,2,1,1,2,2,2,2,2,2,2,1,2,1,999,1,999,999,99,99,999,1,999,999,999
333,TUR-W-BER3-03/11,DE_59,9,4,Turkey,1,31,0,5,3,4,2,2,2,2,2,2,2,2,1,1,999,1,999,999,99,99,999,1,999,999,999
334,AT_1,AT_1,7,1,,0,27,0,6,3,7,2,2,2,2,2,2,2,2,1,2,999,1,0,12,99,99,999,1,999,1,1
335,AT_2,AT_2,7,2,,0,21,0,5,1,999,2,2,2,2,2,2,2,2,1,1,999,1,1,23,1,2,999,1,1,0,1
336,AT_3,AT_3,7,2,,0,18,0,5,1,999,2,2,2,2,2,2,2,2,1,1,999,1,1,36,1,2,999,1,1,0,0
340,AT_7,AT_7,7,1,,0,36,3,1,3,5,2,2,2,2,2,2,2,2,1,2,999,1,0,8,99,99,999,1,0,0,999
341,AT_8,AT_8,7,1,,1,31,1,1,3,5,2,2,2,2,2,2,2,2,1,2,999,1,0,3,99,99,999,999,999,999,999
344,AT_11,AT_11,7,2,,1,19,0,5,2,999,2,2,2,2,2,2,2,2,1,2,1,1,0,24,99,99,999,1,1,1,0
345,AT_12,AT_12,7,2,,1,23,0,5,1,1,2,2,2,2,2,2,2,2,1,2,999,1,1,6,1,99,999,999,999,999,999
348,AT_15,AT_15,7,2,,1,23,0,5,2,8,2,2,2,2,2,2,2,2,1,2,999,1,0,26,99,99,999,1,999,1,999
351,AT_18,AT_18,7,3,,1,22,0,5,3,999,2,2,2,2,2,2,2,2,1,1,999,1,1,999,99,2,999,1,1,999,999
352,AT_19,AT_19,7,1,,0,34,0,6,3,999,2,2,2,2,2,2,2,2,1,2,999,1,0,999,99,99,999,1,0,1,1
353,AT_20,AT_20,7,1,,0,41,3,1,3,4,2,2,2,2,2,2,2,2,1,2,999,1,0,28,99,99,999,1,999,0,999
355,AT_22,AT_22,7,3,,1,31,4,1,999,8,2,2,1,2,2,2,2,2,2,1,999,1,1,999,1,2,999,1,1,0,1
359,AT_26,AT_26,7,4,Iran,1,39,1,1,3,5,2,2,2,2,2,2,2,2,1,1,999,1,1,22,1,2,999,1,1,1,1
361,AT_28,AT_28,7,4,Pakistan,1,47,2,2,3,8,2,2,2,1,2,2,2,1,2,1,999,1,1,29,1,2,999,1,999,0,1
367,UK_10,UK_10,10,4,Pakistan,0,30,0,5,3,999,2,2,2,2,2,2,2,2,1,6,999,1,999,999,99,99,999,999,999,0,999
368,UK_11,UK_11,10,4,Pakistan,0,43,0,1,999,999,2,2,2,2,2,2,2,2,1,6,0,1,1,999,99,99,999,999,0,0,999
371,UK_13,UK_13,10,1,,1,44,4,1,3,5,2,2,2,2,2,2,2,2,1,2,999,999,999,999,99,99,999,999,999,999,1
372,UK_15,UK_15,10,1,,0,31,999,999,3,999,2,2,2,2,2,2,2,2,1,2,999,1,0,7,99,99,999,1,1,0,1
373,UK_1,UK_1,10,3,,1,28,999,5,3,1,2,2,2,2,2,2,2,1,2,3,0,1,1,13,1,1,8,1,1,0,1
375,UK_3,UK_3,10,3,,0,30,999,5,3,1,2,2,2,2,2,1,1,2,2,3,0,1,1,12,1,1,6,1,0,0,1
379,DE_V_2,DE_V_2,9,3,,1,20,999,5,3,8,2,2,2,2,2,2,2,2,1,3,0,1,0,3,99,99,999,1,0,1,1
380,DE_V_3,DE_V_3,9,3,,0,45,10,1,1,7,1,2,2,2,2,2,2,2,2,1,0,1,1,14,1,1,6,1,0,0,1
384,DE_V_7,DE_V_7,9,3,,0,41,3,1,3,7,2,2,2,2,2,2,2,2,1,3,0,1,0,7,99,99,999,1,0,1,1
385,DE_V_8,DE_V_8,9,3,,0,48,5,1,1,7,2,2,2,2,2,2,2,2,1,1,0,1,1,9,1,1,6,1,999,1,1
386,DE_V_9,DE_V_9,9,3,,0,48,8,1,1,7,2,2,2,2,2,2,2,2,1,1,0,1,1,6,99,1,12,1,0,1,1
389,DE_V_12,DE_V_12,9,1,,0,25,999,5,3,999,2,2,2,2,2,2,2,2,1,3,0,1,0,9,0,99,999,1,0,1,1
390,DE_V_13,DE_V_13,9,1,,1,23,999,5,3,8,2,2,2,2,2,2,2,2,1,3,0,1,0,16,99,99,999,1,0,1,1
391,DE_V_14,DE_V_14,9,1,,0,26,999,3,3,2,2,2,2,2,2,2,1,2,2,2,0,1,0,9,999,99,999,1,0,1,1
395,SWE_V_18,SWE_V_18,11,1,,0,25,999,5,3,999,2,2,2,2,2,2,2,2,1,3,0,1,0,7,0,99,999,1,0,1,1
399,SWE_V_22,SWE_V_22,11,1,,0,38,999,5,3,7,2,2,2,2,2,2,2,2,1,4,0,1,0,5,99,99,999,1,0,1,1
400,SWE_V_23,SWE_V_23,11,1,,1,63,1,2,3,5,2,2,2,2,2,2,2,2,1,2,0,1,0,7,99,99,999,1,0,1,1
402,SWE_V_25,SWE_V_25,11,1,,0,30,999,5,2,2,2,2,2,2,2,2,2,2,1,3,0,1,0,8,0,99,999,1,0,1,1
406,HUN_14,HUN_14,6,4,Pakistan,0,23,999,999,1,5,2,2,2,2,2,2,2,2,1,2,999,1,999,999,99,99,999,0,0,999,999
408,HUN_16,HUN_16,6,4,Pakistan,0,29,0,5,3,999,2,2,2,2,2,2,2,2,1,999,999,999,999,999,99,99,999,1,999,1,999
409,HUN_17,HUN_17,6,4,Missing,0,30,0,5,3,999,2,2,2,2,2,2,2,2,1,2,999,1,1,999,1,99,999,1,999,0,999
410,HUN_18,HUN_18,6,4,Iran,999,33,0,5,3,999,2,2,2,2,2,2,2,2,1,999,999,1,1,999,99,99,999,0,0,0,999
411,HUN_19,HUN_19,6,4,Pakistan,0,29,0,5,999,5,2,2,2,2,2,2,2,2,1,2,999,1,999,6,99,99,999,999,999,999,0
412,CAM-M-GRO-07/07,DE_60,9,4,Cameroon,0,39,0,5,999,1,2,2,2,2,2,2,2,2,1,999,0,1,1,999,1,1,999,1,999,999,999
416,TUR_44,TR_44,3,1,,1,60,10,4,999,1,2,2,2,2,2,2,2,2,1,4,0,999,999,999,99,99,999,0,0,1,1
417,TUR_45,TR_45,3,1,,1,35,3,1,0,7,2,2,2,2,2,2,2,2,1,4,0,999,999,999,99,99,999,0,0,1,1
419,TUR_47,TR_47,3,1,,1,48,6,1,3,999,2,2,2,2,2,2,2,2,1,4,0,999,999,999,99,99,999,1,1,1,1
424,TUR_52,TR_52,3,1,,1,21,2,1,0,8,2,2,2,2,2,2,2,2,1,4,0,999,999,999,99,99,999,1,0,1,1
428,TUR_56,TR_56,3,3,,0,50,6,1,3,7,2,2,2,2,2,2,2,2,1,4,1,999,999,999,99,99,999,1,0,1,1
429,TUR_57,TR_57,3,1,,1,49,3,1,3,8,2,2,2,2,2,2,2,2,1,4,0,999,999,999,99,99,999,1,0,1,1
434,TUR_62,TR_62,3,4,Sudan,0,33,0,5,2,999,2,2,2,2,2,2,2,2,1,1,1,999,999,999,99,2,999,1,0,1,1
435,TUR_63,TR_63,3,3,,0,39,0,4,3,5,2,2,2,2,2,2,2,2,1,4,0,999,999,999,99,99,999,1,0,1,1
440,Iq_Refugee_2,IQ_27,1,1,,1,33,2,1,2,3,2,2,2,2,2,2,2,2,1,1,1,1,1,999,1,2,999,999,1,1,1
441,Iq_Refugee_3,IQ_28,1,1,,0,39,2,1,3,5,2,2,2,2,2,2,2,2,1,1,1,1,0,4,0,0,999,999,1,0,1
443,Iq_Refugee_5,IQ_29,1,1,,0,18,1,1,1,999,2,2,2,2,2,2,2,2,1,1,1,1,0,999,0,0,999,999,0,1,0
444,Iq_Refugee_6,IQ_30,1,1,,0,26,3,1,3,4,2,2,2,2,2,2,2,2,1,1,1,1,0,1,0,0,999,999,0,1,1
445,Iq_Refugee_7,IQ_31,1,1,,0,30,1,1,999,1,2,2,2,2,2,2,2,2,1,1,1,1,0,1,0,0,999,999,0,1,1
446,Iq_Refugee_8,IQ_32,1,1,,0,21,2,1,0,1,2,2,2,2,2,2,2,2,1,1,1,1,0,5,0,0,999,999,0,1,0
447,Iq_Refugee_9,IQ_33,1,1,,1,60,6,1,0,999,2,2,2,2,2,2,2,2,1,1,1,1,0,999,0,0,999,999,999,1,999
449,Iq_Refugee_11,IQ_34,1,1,,1,58,5,1,0,8,2,2,2,2,2,1,2,2,2,1,1,1,1,2,99,99,999,999,999,1,1
450,Iq_Refugee_12,IQ_35,1,1,,1,34,4,1,2,8,2,2,2,2,2,2,2,2,1,1,1,1,0,999,0,0,999,999,999,1,1
453,Iq_Refugee20,IQ_36,1,1,,0,27,2,1,1,1,2,2,2,2,2,2,2,2,1,1,999,1,0,2,0,0,999,0,0,999,0
454,Iq_Refugee_14,IQ_37,1,1,,1,27,1,1,2,1,2,2,2,2,2,2,2,2,1,1,1,1,0,999,0,0,999,999,0,1,999
458,Iq_Refugee_17,IQ_38,1,1,,0,23,999,5,2,1,2,2,2,2,2,2,2,2,1,1,1,1,0,3,0,0,999,999,999,0,0
460,Iq_Refugee_18,IQ_39,1,1,,1,40,2,1,1,8,2,2,2,2,2,2,2,2,1,1,1,1,0,999,0,99,999,999,0,1,999
461,Iq_Refugee23,IQ_40,1,1,,0,26,1,1,3,8,2,2,2,2,2,2,2,2,1,1,999,1,0,999,0,0,999,0,0,1,1
464,Iq_Refugee25,IQ_41,1,1,,0,21,0,1,1,3,2,2,2,2,2,2,2,2,1,1,999,1,0,999,0,0,999,0,0,1,1
467,Iq_Refugee26,IQ_42,1,1,,1,51,12,1,0,999,2,2,2,2,2,2,2,2,1,1,1,1,0,4,0,0,999,0,999,1,1
471,Iq_IDPs_4,IQ_43,1,3,,0,61,8,1,999,8,2,2,2,2,2,2,2,2,1,999,999,999,999,999,99,99,999,999,999,1,999
472,Iq_IDPs_5,IQ_44,1,3,,1,48,5,1,999,999,2,2,2,2,2,2,2,2,1,999,999,999,999,999,99,99,999,999,999,1,999
474,Iq_IDPs_16,IQ_45,1,3,,1,36,4,1,999,8,2,2,2,2,2,2,2,2,1,999,999,1,0,999,99,99,999,1,0,1,1
478,GRE_1,GRE_1,4,2,,0,25,0,5,2,999,2,2,2,2,2,2,2,2,1,2,0,1,0,470,99,99,999,1,1,0,1
483,Iq_IDPs_9,IQ_46,1,3,,1,54,6,1,3,5,2,2,2,2,2,2,2,2,1,999,999,999,999,999,99,99,999,999,999,1,0
487,IQ_IDPs_11,IQ_47,1,3,,0,47,1,1,999,999,2,2,2,2,2,2,2,2,1,5,0,0,0,999,0,0,999,0,0,1,999
488,IQ_IDPs_13,IQ_48,1,3,,0,65,13,1,999,999,2,2,2,2,2,2,2,2,1,5,0,0,0,999,0,0,999,0,0,1,1
489,IQ_IDPs_14,IQ_49,1,3,,1,19,0,5,999,999,2,2,2,2,2,2,2,2,1,5,0,0,0,999,0,0,999,0,0,999,1
492,Iq_IDPs_21,IQ_50,1,3,,1,35,999,5,3,5,2,2,2,2,2,2,2,2,1,999,999,1,0,999,99,99,999,0,0,1,0
494,Iq_IDPs_23,IQ_51,1,3,,0,37,2,1,999,999,2,2,2,2,2,2,2,2,1,999,999,1,0,999,99,99,999,0,0,0,0
497,GRE_2,GRE_2,4,4,Syrian-Palestinian,0,32,3,1,2,7,2,2,2,2,2,2,1,2,2,999,999,1,999,999,99,99,999,1,1,0,0
498,GRE_3,GRE_3,4,4,Iran/Afghanistan,0,27,0,5,2,999,2,2,2,2,2,2,2,2,1,1,0,1,999,180,99,99,999,1,1,0,0
500,IQ_IDPs_29,IQ_52,1,3,,1,33,0,5,3,5,2,2,2,2,2,2,2,2,1,5,0,0,0,999,0,0,999,0,0,1,1
501,GRE_4,GRE_4,4,2,,0,26,0,1,999,5,2,2,2,2,2,2,2,2,1,2,0,1,999,999,0,99,999,1,1,0,0
504,GRE_7,GRE_7,4,4,Guinea,0,31,0,5,2,8,2,2,2,2,2,2,1,2,2,1,999,1,999,999,99,99,999,1,1,0,1
505,GRE_8,GRE_8,4,4,Somalia,0,20,0,5,999,999,2,2,2,2,2,2,2,2,1,3,999,1,0,180,0,0,999,1,999,1,1
509,GRE_13,GRE_13,4,2,,0,25,0,5,1,999,2,2,2,2,2,2,2,2,1,2,999,1,0,88,99,99,999,1,1,999,999
512,GRE_16,GRE_16,4,2,,1,24,0,5,3,5,2,2,2,2,2,2,2,1,2,2,999,1,0,12,0,0,999,1,1,0,0
514,GRE_18,GRE_18,4,4,Sudan,0,35,1,1,3,999,2,2,2,2,2,2,1,2,2,1,999,1,999,999,0,0,999,999,999,0,0
515,GRE_19,GRE_19,4,1,,0,18,999,999,999,999,2,2,2,2,2,2,1,2,2,3,999,1,0,12,0,99,999,1,1,1,1
516,GRE_21,GRE_21,4,2,,0,21,0,5,0,999,2,2,2,2,2,2,2,1,2,1,999,1,999,3,99,99,999,0,1,0,0
519,GRE_24,GRE_24,4,2,,0,22,0,5,0,1,2,2,2,2,2,2,2,2,1,1,999,1,1,1,1,99,999,1,1,1,1
521,GRE_27,GRE_27,4,2,,0,26,0,999,2,999,2,2,2,2,2,2,2,2,1,1,999,1,999,999,0,99,999,0,1,0,1
522,GRE_28,GRE_28,4,2,,0,23,0,5,1,2,2,2,2,2,2,2,2,1,2,2,999,1,0,999,0,0,999,1,1,1,1
524,GRE_30,GRE_30,4,4,Burundi,0,18,0,5,2,8,2,2,2,2,2,2,1,2,2,1,999,1,999,999,99,99,999,1,0,0,0
526,GRE_32_b,GRE_43,4,1,,1,24,2,1,999,999,2,2,1,2,2,2,2,2,2,1,999,1,999,999,0,0,999,1,0,0,0
528,GRE_33_b,GRE_45,4,1,,1,21,2,1,999,999,2,2,1,2,2,2,2,2,2,1,999,1,999,999,0,0,999,1,1,0,0
529,GRE_33_a,GRE_44,4,1,,0,26,2,1,999,999,2,2,2,2,2,2,2,2,1,1,999,1,999,999,0,0,999,1,1,0,0
531,GRE_20_a,GRE_40,4,3,,1,32,3,1,2,1,2,2,2,2,2,2,2,1,2,1,999,1,999,2,0,0,999,1,1,1,1
532,GRE_20_b,GRE_41,4,3,,0,45,3,1,2,1,2,2,2,2,2,2,2,1,2,1,999,1,999,2,0,0,999,1,1,1,1
533,GRE_34_a,GRE_46,4,1,,0,23,2,1,2,999,2,2,2,2,2,2,2,1,2,1,999,1,999,2,0,0,999,1,0,1,1
536,GRE_12_b,GRE_36,4,4,Pakistan,0,23,1,1,3,6,2,2,2,2,2,2,2,2,1,1,999,1,999,999,99,99,999,1,1,0,1
537,GRE_12_c,GRE_37,4,3,,0,55,3,1,1,2,2,2,2,2,2,1,2,2,2,1,999,1,999,999,99,99,999,1,1,0,0
18,11 - ITA04032019MICRO,ITA_11,5,4,Nigeria,0,28,1,5,999,999,2,2,2,1,2,2,2,2,2,1,999,1,1,999,1,2,999,999,999,1,999
23,16 - ITA04032019MICRO,ITA_16,5,4,Liberia,0,24,999,5,999,5,2,2,2,2,2,2,2,2,1,1,999,1,1,999,1,2,999,999,0,0,999
35,28 - ITA06042019MICRO,ITA_28,5,4,Nigeria,0,55,3,1,999,2,2,2,2,2,2,2,2,2,1,6,999,0,999,999,99,99,999,999,999,999,999
49,TUR_73,TR_73,3,1,,0,37,4,1,1,2,2,2,2,2,2,2,2,2,1,4,0,0,999,999,99,99,999,999,999,1,999
51,TUR_74,TR_74,3,1,,0,28,0,1,2,7,2,2,2,2,2,2,2,2,1,4,0,0,999,999,99,99,999,999,999,1,999
60,TUR_83,TR_83,3,1,,0,36,2,1,3,6,2,2,2,2,2,2,2,2,1,5,0,0,999,999,99,99,999,999,999,999,999
68,TUR_90,TR_90,3,1,,1,48,5,1,0,999,2,2,2,2,2,2,2,2,1,4,0,0,999,999,99,99,999,999,999,1,999
69,TUR_91,TR_91,3,1,,1,35,2,1,1,8,2,2,2,2,2,2,2,2,1,4,0,0,999,999,99,99,999,999,999,1,999
70,TUR_92,TR_92,3,1,,0,35,1,1,3,5,2,2,2,2,2,2,2,2,1,5,0,0,999,999,99,99,999,999,999,1,999
75,TUR_97,TR_97,3,1,,0,35,0,1,3,5,2,2,2,2,2,2,2,2,1,5,0,0,999,999,99,99,999,999,999,1,999
98,TUR_1,TR_1,3,1,,0,27,999,5,3,6,2,2,2,2,2,2,2,2,1,4,0,0,999,999,99,99,999,0,0,0,1
103,TUR_5,TR_5,3,1,,0,26,2,1,3,999,2,2,2,2,2,2,2,2,1,4,0,0,999,999,0,99,999,0,0,1,999
129,PlMiIr27,PLM_27,8,3,,0,27,0,5,3,999,2,2,2,2,2,2,2,2,1,1,0,1,999,999,99,99,999,1,1,1,999
158,LEB_Micro_Female_16.11.2018_Beirut_Aleppo1,LEB_60,2,1,,1,39,6,1,2,1,2,2,2,1,2,2,2,2,2,6,1,999,999,999,99,99,999,999,999,0,1
203,SWE_3,SWE_3,11,1,,0,32,999,1,3,6,2,2,2,2,2,2,2,2,1,2,0,1,0,2,0,0,999,999,1,1,999
212,SWE_25,SWE_25,11,1,,1,50,999,2,3,4,2,2,2,2,2,2,2,2,1,2,0,1,0,3,99,99,999,999,1,1,999
239,SWE_12,SWE_12,11,1,,1,33,999,3,3,5,2,2,2,2,2,2,2,2,1,2,999,1,0,2,99,99,999,999,999,1,999
256,SWE_42,SWE_42,11,1,,0,47,2,1,3,5,2,2,2,2,2,2,2,2,1,2,0,1,0,999,0,0,999,0,0,1,999
263,SWE_39,SWE_39,11,1,,0,30,999,5,3,4,2,2,2,2,2,2,2,2,1,2,999,1,0,9,99,99,999,0,1,1,999
312,SYR- F- GOE- 27.10,DE_61,9,1,,1,30,0,5,3,8,2,2,2,2,2,2,2,2,1,1,999,1,0,999,999,0,999,1,999,1,1
330,LIB-M-GRO 22/04/19,DE_62,9,4,Libya,0,56,7,1,999,4,2,2,2,2,2,2,2,2,1,2,999,1,0,999,99,0,999,1,999,1,1
343,AT_10,AT_10,7,1,,1,22,0,5,3,999,2,2,2,2,2,2,2,2,1,2,999,1,0,999,99,99,999,1,1,1,999
346,AT_13,AT_13,7,2,,1,35,2,1,3,5,2,2,2,1,2,2,2,2,2,2,999,1,0,24,99,99,999,1,1,1,999
356,AT_23,AT_23,7,1,,0,23,1,1,999,2,2,2,2,2,2,2,2,2,1,2,999,1,0,14,99,99,999,1,1,1,999
366,UK_9,UK_9,10,3,,0,40,0,5,3,999,2,2,2,2,2,2,2,2,1,2,999,1,1,999,1,1,999,999,999,0,1
388,DE_V_11,DE_V_11,9,1,,0,26,999,3,3,8,2,2,2,2,2,2,2,2,1,1,0,1,1,14,1,2,6,1,0,0,999
392,DE_V_15,DE_V_15,9,1,,2,30,999,5,3,999,2,2,2,2,2,2,2,2,1,3,0,1,0,3,99,99,999,999,0,1,1
396,SWE_V_19,SWE_V_19,11,1,,1,30,1,1,3,5,2,2,2,2,2,2,2,2,1,3,0,1,0,6,99,99,999,1,999,1,1
404,HUN_12,HUN_12,6,2,,0,40,2,2,3,5,2,2,2,2,2,2,2,2,1,2,999,1,1,999,1,1,999,999,999,999,999
405,HUN_13,HUN_13,6,4,Uganda,999,999,999,999,3,999,2,2,2,2,2,2,2,2,1,2,999,1,999,999,99,99,999,0,999,0,1
415,TUR_43,TR_43,3,1,,1,58,2,4,0,8,2,1,2,2,2,2,2,2,2,4,0,999,999,999,99,99,999,0,0,1,1
439,Iq_Refugee_1,IQ_53,1,1,,0,51,2,1,3,3,2,2,2,2,2,2,2,2,1,1,1,1,0,999,0,0,999,999,0,1,1
442,Iq_Refugee_4,IQ_54,1,1,,0,18,999,5,1,999,2,1,2,2,2,2,2,2,2,1,1,1,0,999,0,99,999,999,1,1,0
468,Iq_IDPs_1,IQ_55,1,3,,1,58,999,5,999,4,2,2,2,2,2,2,2,2,1,999,0,0,0,999,0,0,999,999,0,1,1
470,Iq_IDPs_3,IQ_56,1,3,,0,44,6,1,999,4,2,2,2,2,2,2,2,2,1,999,999,999,999,999,99,99,999,999,999,999,999
476,Iq_IDPs_18,IQ_57,1,3,,1,55,7,1,999,7,2,2,2,2,2,2,2,2,1,999,999,1,0,999,99,99,999,0,0,1,1
480,Iq_IDPs_6,IQ_58,1,3,,0,59,4,1,999,4,2,2,2,2,2,2,2,2,1,999,999,999,999,999,99,99,999,999,999,0,0
502,GRE_5,GRE_5,4,2,,0,32,0,5,2,1,2,2,2,2,2,2,2,2,1,3,999,1,1,999,1,0,45,1,1,0,1
520,GRE_26,GRE_26,4,4,Eritrea,0,24,0,5,0,999,2,2,2,2,2,2,2,2,1,1,999,1,1,12,1,2,5,1,0,0,0
